ContentID,ClientContentID,InsertDate
1,3260540810,2022-03-12 19:42:27
2,3896007368,2023-04-08 03:45:55
3,2881716392,2022-03-09 05:46:27
4,3949610006,2022-06-12 12:59:19
5,2234491404,2022-04-13 06:55:11
6,444232516,2022-01-31 10:49:08
7,2180831934,2023-08-16 11:58:13
8,1592498365,2022-11-11 20:39:18
9,1219836827,2022-09-27 06:43:39
10,1806411678,2023-05-31 20:54:17
11,3126242765,2023-02-05 10:22:18
12,1639718004,2022-06-04 15:38:03
13,1729374068,2023-06-16 01:10:03
14,1386858760,2023-08-05 07:43:36
15,3923961483,2022-12-31 19:06:22
16,3953506582,2023-07-13 09:20:05
17,3560536079,2022-12-04 23:27:16
18,2324620080,2023-02-08 07:02:40
19,4167421692,2022-08-07 22:59:34
20,2361637772,2023-03-24 09:51:18
21,2836990156,2023-06-02 14:30:46
22,3356849799,2022-12-27 01:25:41
23,3990921365,2023-05-12 22:04:57
24,198833561,2023-07-14 04:24:28
25,3741955810,2022-05-27 11:07:43
26,244884325,2022-08-23 13:09:20
27,3898473712,2023-01-22 20:12:46
28,3135969838,2023-05-22 02:24:18
29,2450257955,2022-07-11 04:31:36
30,149151829,2022-07-16 21:59:35
31,3692939362,2023-08-08 21:49:11
32,791581557,2022-07-10 18:12:23
33,2330215815,2023-08-09 11:05:25
34,2711165279,2023-04-11 19:08:33
35,1176780716,2022-07-07 12:15:35
36,609287441,2023-06-08 09:21:48
37,4109112980,2022-07-04 05:32:01
38,1128467338,2022-12-18 13:24:35
39,1922974299,2022-12-12 22:32:26
40,1705075130,2023-06-05 18:42:47
41,2234122571,2022-06-04 17:01:26
42,1569569962,2023-01-25 02:08:40
43,392338911,2023-05-08 12:15:55
44,2014986324,2023-03-21 21:51:44
45,1873463036,2022-02-23 23:40:35
46,2467691115,2023-03-29 22:11:19
47,60721241,2022-08-27 16:15:25
48,4241427485,2023-03-01 19:00:10
49,3334153415,2022-02-16 13:36:40
50,2313974843,2023-03-18 11:34:48
