EventDataID,EventID,ContentID,CustomerID,EventTypeID,EventDate,Quantity,InsertDate
1,951,37,34,5,2022-06-08 18:28:38,5,2022-12-31 17:41:19
2,260,43,39,6,2022-06-07 14:41:25,3,2023-04-28 20:54:09
3,759,27,23,6,2022-06-19 13:52:15,8,2022-05-09 07:25:54
4,245,9,90,6,2022-03-08 12:38:52,9,2022-02-27 04:01:22
5,45,28,41,5,2023-04-21 03:32:05,7,2022-04-09 20:54:49
6,195,17,25,4,2022-01-27 23:09:15,2,2022-07-04 14:39:13
7,105,35,32,4,2022-11-10 09:36:47,5,2023-08-07 04:13:59
8,908,49,99,6,2022-07-25 21:44:53,4,2022-09-19 04:38:51
9,20,7,76,2,2022-02-24 20:40:25,5,2022-07-24 16:11:14
10,887,40,55,1,2023-05-05 15:05:26,8,2022-04-12 21:31:46
11,913,30,43,6,2022-12-29 10:49:19,7,2022-07-22 16:11:33
12,511,44,20,6,2022-12-22 14:51:06,3,2022-10-13 18:30:43
13,666,33,54,6,2023-01-07 18:35:39,3,2022-12-09 15:25:36
14,445,25,44,1,2023-02-02 02:28:20,9,2023-05-10 08:33:17
15,940,1,1,4,2023-01-16 18:32:13,9,2022-06-15 05:26:10
16,427,10,63,2,2023-03-23 23:02:59,4,2022-07-15 18:13:14
17,2,6,38,1,2023-06-15 03:37:02,2,2023-03-21 23:35:16
18,52,36,88,3,2022-08-09 13:59:43,3,2023-09-10 19:00:07
19,992,2,16,4,2022-12-09 18:19:21,5,2023-07-05 04:41:06
20,790,20,93,1,2023-03-04 17:24:36,1,2022-05-03 08:16:38
21,144,34,33,3,2022-03-08 09:28:26,10,2022-01-25 02:42:03
22,374,26,36,3,2022-02-12 16:48:11,10,2022-03-15 13:09:44
23,799,29,3,6,2022-12-23 15:55:46,9,2022-08-20 06:24:14
24,818,12,57,5,2022-10-18 21:10:16,6,2023-01-31 23:55:26
25,963,15,94,5,2022-07-29 17:01:26,8,2023-03-27 07:51:15
26,707,48,97,4,2022-05-17 20:34:25,4,2022-12-22 10:21:24
27,993,41,15,1,2023-03-12 22:38:59,8,2023-02-25 20:47:46
28,456,16,11,3,2023-01-30 09:10:13,6,2022-08-27 11:12:13
29,414,19,83,2,2022-10-31 19:21:42,4,2022-08-26 15:05:39
30,617,42,82,1,2022-07-05 11:35:12,4,2023-02-21 16:41:43
31,17,8,46,6,2022-07-24 17:46:44,3,2022-07-24 16:22:59
32,662,47,75,2,2022-08-09 18:46:56,8,2023-09-01 06:41:43
33,405,18,6,3,2022-03-06 05:18:38,8,2023-02-01 12:53:04
34,985,21,17,6,2023-04-19 12:23:12,8,2023-05-07 19:03:03
35,553,23,78,1,2022-08-29 21:41:54,2,2023-04-01 10:25:40
36,181,50,53,5,2023-01-01 04:35:56,9,2022-06-04 11:18:01
37,33,3,58,4,2023-01-21 23:27:04,8,2022-12-29 19:28:34
38,973,46,80,1,2022-03-10 14:58:54,5,2023-02-05 03:45:06
39,439,45,2,6,2023-06-18 19:25:06,10,2022-07-01 04:21:04
40,310,11,5,4,2022-03-09 23:50:02,6,2022-07-23 03:48:36
41,753,38,7,3,2022-07-14 08:55:26,9,2022-09-28 19:53:29
42,170,5,71,1,2022-01-22 00:19:13,3,2022-02-16 19:27:50
43,461,31,45,3,2023-04-03 14:08:16,10,2023-02-02 19:23:22
44,649,39,48,4,2023-07-07 10:49:41,3,2023-07-28 19:32:22
45,567,32,69,1,2022-02-28 21:46:56,9,2023-06-04 19:38:31
46,446,13,22,5,2023-01-28 09:50:54,5,2023-08-26 11:39:22
47,955,14,66,3,2023-03-02 05:36:26,6,2022-04-30 07:13:30
48,63,22,98,1,2022-12-18 23:19:33,5,2022-06-07 08:05:30
49,781,4,72,4,2023-06-19 23:02:31,2,2023-01-02 17:25:36
50,386,24,68,6,2023-05-01 14:45:59,9,2023-09-03 13:18:52
51,130,41,86,1,2022-01-21 03:57:31,3,2022-03-26 15:59:48
52,534,6,10,1,2022-02-04 13:30:30,3,2022-12-15 22:25:15
53,672,22,73,5,2023-03-20 00:45:50,8,2022-08-31 20:13:34
54,541,7,37,1,2023-07-19 04:53:34,2,2022-06-30 17:01:38
55,19,12,8,6,2022-12-09 02:43:30,7,2022-07-08 10:36:37
56,426,50,95,1,2022-08-03 04:36:26,6,2022-12-06 00:00:49
57,90,18,28,3,2023-09-02 13:36:30,5,2022-03-31 12:43:32
58,997,15,56,6,2022-09-03 17:42:50,2,2022-11-23 14:27:20
59,399,36,30,4,2023-04-09 05:56:08,3,2023-03-17 18:18:15
60,526,9,81,6,2023-03-16 06:57:21,10,2023-05-21 18:12:21
61,484,43,42,4,2023-01-22 14:31:02,5,2023-08-29 13:27:32
62,589,5,92,3,2022-07-24 14:10:11,6,2022-12-30 20:25:24
63,652,25,12,2,2022-06-26 04:01:47,5,2022-08-23 08:04:26
64,313,48,51,1,2022-03-13 18:32:49,10,2023-08-07 16:45:34
65,5,16,14,1,2022-07-08 17:55:45,4,2022-12-04 05:28:40
66,437,33,24,1,2023-04-22 20:04:03,6,2022-10-25 02:44:59
67,31,47,67,1,2022-09-07 10:01:47,2,2023-03-29 01:39:35
68,855,26,74,6,2022-10-13 07:50:05,6,2022-08-11 07:33:41
69,82,24,87,5,2023-05-27 10:48:39,6,2022-05-19 01:43:53
70,117,10,77,2,2023-06-19 20:35:49,7,2023-03-20 02:09:35
71,587,37,100,6,2022-11-12 15:46:42,10,2022-02-05 22:01:10
72,863,13,60,1,2022-10-14 09:58:13,5,2022-12-07 02:16:22
73,984,29,31,6,2023-06-27 04:20:24,4,2022-03-05 09:54:30
74,975,49,70,5,2022-08-02 01:42:07,4,2023-01-09 12:27:38
75,215,19,4,2,2023-01-04 14:41:19,8,2023-03-13 12:11:13
76,263,39,50,5,2023-04-28 16:18:47,7,2022-02-11 03:30:52
77,349,4,13,4,2022-03-17 02:25:54,5,2023-07-12 04:34:01
78,219,46,65,3,2023-02-22 15:06:52,2,2023-01-04 02:34:22
79,387,17,29,2,2022-11-11 16:07:08,10,2023-08-20 21:26:59
80,942,45,91,5,2023-07-16 23:59:58,8,2023-02-25 17:14:13
81,371,8,18,2,2022-12-10 08:50:10,9,2023-08-31 22:39:34
82,67,27,19,2,2022-02-27 15:26:28,9,2022-09-23 08:44:19
83,375,30,84,1,2023-01-13 18:18:29,2,2022-07-24 11:53:59
84,952,31,85,5,2023-05-08 13:30:56,2,2023-02-14 08:59:55
85,839,44,47,4,2022-05-16 19:32:11,4,2022-08-31 19:30:07
86,420,32,21,2,2022-07-19 07:30:15,7,2022-04-14 09:58:34
87,8,1,9,2,2022-07-03 12:37:30,6,2023-07-04 14:39:13
88,609,20,35,1,2022-10-15 02:44:55,10,2022-10-14 08:00:16
89,152,3,79,1,2023-08-18 19:21:05,1,2022-05-23 01:10:41
90,519,40,59,2,2022-04-27 16:32:04,7,2022-02-23 06:57:55
91,914,23,89,4,2022-03-10 15:51:09,9,2023-03-27 05:25:09
92,990,2,96,6,2023-06-05 00:59:45,4,2023-08-06 20:58:54
93,350,42,52,4,2022-07-29 15:08:38,3,2023-06-02 15:23:03
94,701,21,61,3,2022-10-09 07:10:12,9,2023-05-03 07:14:44
95,556,28,40,3,2022-03-23 21:45:33,1,2022-12-13 03:51:19
96,913,14,27,3,2023-09-01 19:43:42,1,2022-08-28 21:33:26
97,51,11,64,3,2022-11-14 07:54:19,1,2022-05-27 03:21:12
98,874,35,49,3,2022-10-13 16:44:45,5,2022-04-15 13:41:25
99,743,38,26,5,2023-03-15 19:10:25,5,2023-04-05 02:27:19
100,838,34,62,6,2022-08-20 13:45:54,4,2022-02-14 22:14:49
101,557,8,28,1,2022-07-05 18:25:26,4,2022-09-07 19:41:22
102,550,3,83,5,2022-11-27 10:23:05,9,2023-01-28 19:16:22
103,383,12,15,1,2023-01-25 02:22:48,5,2022-06-02 09:37:15
104,952,47,20,1,2023-05-22 00:24:15,2,2022-12-19 12:46:23
105,32,39,19,6,2022-12-05 12:09:45,2,2023-05-08 18:09:00
106,348,46,88,5,2023-06-11 23:41:53,7,2022-02-01 16:21:48
107,919,4,90,4,2023-02-14 22:54:31,1,2023-05-17 12:53:45
108,506,45,66,2,2022-12-06 12:15:28,6,2023-07-25 18:59:38
109,403,21,38,1,2023-01-12 22:52:34,2,2022-08-10 00:08:43
110,385,27,14,1,2022-12-01 16:48:12,3,2022-01-23 18:36:53
111,514,10,40,5,2023-06-23 04:30:29,2,2022-03-17 05:49:31
112,664,50,1,2,2022-01-21 19:39:37,10,2022-05-13 10:27:16
113,760,43,18,6,2022-07-12 07:39:40,2,2022-12-23 01:56:50
114,679,22,5,5,2022-12-27 08:57:22,1,2022-12-11 19:07:07
115,388,19,56,1,2023-08-06 16:26:08,5,2023-04-01 20:56:23
116,33,9,25,4,2023-01-29 06:57:14,5,2023-06-04 07:04:45
117,731,25,57,5,2022-12-13 00:54:13,4,2022-07-06 05:01:46
118,328,40,41,1,2022-05-09 16:32:04,9,2023-02-09 17:11:11
119,460,44,75,4,2022-02-13 07:36:19,9,2023-05-09 08:01:34
120,493,18,34,4,2023-02-14 05:09:48,3,2023-08-19 22:21:45
121,464,20,55,4,2023-05-02 05:27:38,6,2023-07-18 05:35:58
122,813,6,17,1,2023-06-18 22:28:48,1,2023-05-28 03:20:44
123,150,15,58,6,2022-04-08 06:01:49,10,2022-04-28 03:58:03
124,351,5,74,2,2022-07-15 04:43:14,5,2023-04-04 08:41:32
125,371,17,44,3,2023-07-24 19:44:05,4,2022-07-18 04:28:38
126,274,23,27,5,2023-05-01 15:31:32,3,2023-08-29 21:55:36
127,111,34,35,6,2022-02-20 01:09:00,7,2022-02-24 01:27:08
128,198,16,94,4,2023-03-09 17:22:24,4,2022-08-22 08:51:04
129,261,7,7,3,2022-04-20 06:44:45,5,2022-05-08 17:24:42
130,3,37,16,3,2022-09-25 19:49:14,2,2023-07-11 23:43:21
131,125,30,72,3,2022-11-27 15:05:01,2,2023-01-30 18:06:15
132,42,33,95,2,2022-05-11 10:52:47,2,2023-03-11 01:10:52
133,58,35,45,3,2022-08-27 03:44:10,7,2022-08-25 15:32:07
134,352,32,100,5,2023-06-16 01:36:21,10,2022-12-18 21:28:57
135,944,48,24,6,2022-03-16 07:38:42,8,2022-10-27 00:08:30
136,796,1,61,5,2022-01-25 14:10:48,1,2022-04-27 10:09:35
137,968,26,39,1,2023-03-10 20:11:40,8,2022-11-03 04:47:14
138,889,36,26,2,2022-04-09 08:02:50,6,2022-11-06 00:33:20
139,440,41,86,4,2023-04-25 12:57:26,5,2023-03-26 06:19:16
140,788,24,3,5,2022-06-11 16:05:17,5,2022-10-15 22:30:19
141,357,38,84,1,2023-02-21 06:12:52,7,2022-11-18 20:17:29
142,480,31,23,5,2022-06-28 07:23:17,10,2023-01-10 15:08:39
143,233,13,69,4,2023-05-09 22:25:57,6,2022-03-27 12:17:45
144,589,49,21,6,2022-07-24 10:10:12,4,2023-02-13 09:51:31
145,639,11,92,3,2022-10-04 22:10:42,8,2023-05-13 03:00:18
146,16,14,8,6,2022-10-03 23:00:26,10,2023-09-06 10:55:10
147,265,29,48,4,2022-05-12 04:18:19,6,2022-05-22 00:31:50
148,341,2,29,6,2022-12-06 05:08:39,10,2023-03-16 08:32:21
149,17,42,60,1,2022-07-13 08:04:30,7,2022-05-14 17:36:19
150,427,28,97,4,2023-04-27 09:52:05,2,2022-11-29 05:52:54
151,50,6,46,5,2022-12-12 02:57:32,4,2022-09-20 03:32:34
152,707,35,99,4,2022-03-20 16:52:03,10,2022-10-25 11:34:11
153,141,34,6,5,2023-07-09 03:37:55,6,2022-05-08 11:51:57
154,465,36,30,4,2022-05-01 15:35:34,7,2023-07-30 02:52:50
155,708,43,50,5,2022-07-31 19:40:32,1,2022-10-22 16:44:11
156,151,24,78,3,2022-10-27 14:35:31,10,2022-03-02 19:44:44
157,342,38,93,1,2022-09-03 03:13:25,2,2023-05-12 13:19:15
158,590,23,91,2,2023-01-01 14:01:38,9,2022-12-24 04:26:34
159,480,3,49,4,2022-07-09 02:18:04,2,2022-03-30 17:34:15
160,434,15,63,2,2023-01-05 09:59:59,5,2023-04-28 23:40:52
161,102,1,98,6,2022-08-31 22:14:51,7,2023-06-06 00:29:44
162,608,16,47,5,2023-03-22 06:14:59,8,2022-06-07 22:24:48
163,254,22,76,2,2023-05-17 10:30:12,4,2023-07-02 23:29:39
164,518,20,42,2,2022-05-05 12:50:27,5,2022-02-26 19:14:00
165,183,40,33,3,2022-06-14 10:21:37,4,2022-05-05 20:00:35
166,226,28,79,1,2022-06-10 08:20:42,3,2022-11-03 08:50:56
167,472,39,10,5,2023-08-23 03:02:20,10,2022-06-30 11:15:57
168,411,25,89,3,2022-01-31 16:15:21,10,2023-08-28 06:30:38
169,357,2,22,5,2022-08-26 18:00:35,7,2023-07-21 04:59:50
170,454,47,68,5,2022-11-05 15:18:59,10,2022-02-14 15:17:36
171,322,33,11,4,2023-03-13 02:40:29,8,2022-05-25 00:23:06
172,42,21,54,6,2022-03-09 08:36:15,2,2022-10-07 12:07:30
173,588,27,81,5,2022-12-29 08:40:29,4,2022-07-15 23:43:51
174,581,30,59,3,2022-09-14 11:16:16,3,2022-04-28 03:16:01
175,491,8,53,2,2022-02-08 15:07:43,9,2022-01-25 19:49:04
176,823,49,9,2,2022-03-17 07:56:19,2,2022-11-18 22:49:19
177,516,4,52,6,2023-05-20 15:26:45,3,2022-10-05 20:11:10
178,248,7,4,6,2022-03-30 04:34:24,7,2023-08-23 09:50:22
179,343,17,2,3,2022-09-12 16:20:07,7,2022-05-25 14:16:10
180,609,31,82,1,2022-07-21 01:27:51,7,2022-01-30 13:29:47
181,903,41,32,3,2022-03-14 05:04:39,5,2022-05-13 03:26:40
182,681,32,12,4,2023-02-19 05:00:59,2,2023-02-10 23:29:29
183,582,13,51,3,2023-07-12 18:57:38,10,2023-07-01 08:06:20
184,200,46,85,5,2023-06-07 21:05:53,1,2022-12-26 13:38:40
185,918,37,31,5,2022-07-31 06:18:03,3,2023-08-07 17:32:17
186,437,11,70,3,2023-07-25 12:59:25,3,2023-01-07 04:43:44
187,318,10,96,3,2022-07-11 01:28:59,10,2023-01-20 17:30:13
188,613,48,65,6,2022-02-06 13:23:13,7,2023-07-23 12:42:46
189,436,26,77,5,2023-03-29 03:35:31,7,2022-05-20 06:19:40
190,47,42,37,5,2022-05-22 01:50:37,6,2022-09-28 15:09:06
191,48,45,43,3,2023-05-03 14:33:12,6,2023-04-06 20:42:34
192,109,18,67,3,2023-04-26 15:35:49,2,2022-10-10 13:07:09
193,350,14,87,2,2022-04-13 16:45:39,10,2022-12-09 07:45:22
194,753,9,71,4,2022-02-28 18:35:31,10,2023-04-24 03:39:54
195,824,50,13,2,2023-06-25 21:27:40,6,2023-08-26 09:23:33
196,676,5,64,1,2023-08-19 04:22:01,2,2023-03-11 22:48:40
197,756,29,80,2,2022-08-08 08:05:55,7,2023-01-26 09:06:24
198,124,12,36,3,2023-06-28 05:47:48,2,2023-04-19 23:32:23
199,731,44,73,1,2022-10-12 22:37:58,6,2023-08-02 23:59:27
200,194,19,62,6,2022-03-09 19:15:40,1,2023-03-06 02:14:54
201,11,43,37,2,2023-08-10 21:44:17,5,2023-05-30 00:11:21
202,472,7,48,6,2022-12-08 21:17:52,10,2022-03-16 08:30:27
203,540,5,8,2,2023-01-26 16:29:49,6,2023-03-09 14:33:31
204,893,50,19,4,2023-01-11 15:26:22,9,2023-04-12 21:46:50
205,339,8,100,5,2022-08-18 14:22:03,3,2022-06-02 23:18:40
206,843,14,32,1,2023-04-04 00:28:56,6,2022-03-26 05:32:49
207,644,11,83,3,2022-03-30 15:33:29,10,2022-06-01 16:25:32
208,880,47,36,6,2023-04-15 02:56:42,7,2023-07-30 06:47:51
209,565,37,85,1,2022-03-14 12:25:07,2,2023-01-03 18:16:14
210,201,41,3,5,2023-05-20 05:14:24,7,2023-04-24 01:29:32
211,547,35,82,3,2023-06-05 06:08:27,1,2022-10-22 17:14:10
212,985,44,58,5,2023-04-25 09:13:14,2,2022-12-19 18:38:37
213,643,23,98,1,2022-09-03 17:07:19,1,2022-04-06 20:55:26
214,551,22,91,5,2023-04-09 18:07:47,9,2022-11-10 17:58:43
215,995,25,55,5,2023-02-11 03:58:06,7,2022-04-17 05:53:22
216,879,10,23,1,2022-02-12 19:24:42,7,2022-06-06 05:53:09
217,828,17,43,2,2022-04-13 08:06:52,1,2023-03-29 04:57:53
218,111,45,38,4,2023-05-16 12:19:56,9,2023-08-18 16:41:22
219,632,1,34,3,2022-11-23 03:12:19,7,2022-10-20 20:55:08
220,168,33,47,5,2022-11-16 10:19:48,9,2022-12-19 20:11:53
221,941,24,11,1,2023-03-29 03:47:34,3,2023-03-08 03:01:56
222,835,13,62,1,2022-08-01 20:34:56,2,2022-07-13 16:46:40
223,272,38,99,6,2023-07-14 08:13:50,10,2023-03-10 06:16:09
224,557,49,9,4,2022-05-05 05:06:09,4,2022-09-28 23:31:35
225,37,30,15,4,2022-12-30 01:31:27,2,2022-10-08 04:05:19
226,70,34,40,4,2022-08-22 06:22:38,10,2023-05-28 21:32:56
227,694,29,64,5,2023-04-25 13:53:43,5,2022-09-05 14:01:47
228,964,31,2,2,2022-09-03 12:00:56,1,2023-01-22 02:54:06
229,238,9,29,5,2022-08-30 15:59:53,2,2023-04-20 08:24:53
230,331,42,20,5,2022-02-22 04:35:37,3,2022-04-21 00:22:13
231,646,2,70,3,2022-08-03 00:24:33,2,2022-03-03 16:58:03
232,514,28,25,6,2023-04-05 21:41:22,2,2022-05-15 07:58:09
233,11,18,28,3,2023-07-19 03:06:06,4,2023-02-07 04:03:20
234,187,21,59,3,2022-10-16 00:50:14,4,2023-06-28 17:32:30
235,353,15,69,2,2022-06-20 16:42:27,9,2022-10-17 16:53:29
236,748,36,72,4,2022-04-30 01:16:37,9,2022-07-17 01:33:02
237,81,4,89,3,2022-05-25 01:31:59,8,2023-07-15 06:43:05
238,883,46,56,2,2022-01-22 05:41:43,10,2022-08-28 11:27:22
239,301,40,90,2,2022-04-18 11:04:56,1,2022-09-08 15:22:24
240,650,12,97,6,2022-03-15 03:45:31,1,2022-09-19 17:25:49
241,53,6,88,5,2023-01-25 21:40:05,5,2023-03-17 13:36:04
242,388,3,95,2,2023-09-05 16:42:20,8,2023-06-05 11:06:09
243,578,48,7,5,2022-11-25 01:20:49,4,2022-04-26 19:14:40
244,862,27,12,6,2023-05-09 20:59:50,4,2023-08-06 16:49:33
245,310,20,61,5,2022-08-14 08:42:18,9,2023-04-13 14:42:48
246,272,32,24,1,2023-08-12 09:04:18,1,2022-12-16 18:02:01
247,951,19,21,6,2023-06-13 03:16:59,2,2022-11-25 23:16:45
248,4,39,26,2,2022-06-21 19:54:06,6,2022-10-16 12:22:57
249,426,16,68,2,2022-04-24 13:27:21,2,2023-06-16 02:43:51
250,717,26,94,5,2023-08-23 19:13:42,5,2022-09-19 20:17:12
251,678,16,49,6,2023-07-16 09:41:16,4,2023-03-06 11:11:12
252,582,1,35,2,2022-06-26 04:23:14,9,2022-07-06 19:30:57
253,939,48,87,4,2022-06-26 22:49:34,6,2023-03-30 05:11:38
254,683,36,46,5,2023-03-05 01:01:16,8,2023-06-25 18:15:48
255,471,37,4,6,2022-08-26 00:01:35,3,2022-06-02 20:00:12
256,403,38,33,4,2023-08-19 22:58:12,9,2022-03-19 18:32:03
257,981,24,14,2,2022-01-23 13:47:00,5,2022-04-08 19:33:12
258,956,47,50,4,2022-11-10 22:47:23,10,2023-09-03 04:22:52
259,634,28,18,6,2022-09-15 13:21:45,5,2023-01-22 15:08:53
260,100,31,41,6,2022-03-07 18:09:22,7,2023-04-23 12:04:11
261,859,26,30,3,2022-03-07 11:06:06,5,2022-06-16 18:29:34
262,992,29,22,6,2022-01-23 10:14:00,7,2022-05-31 08:39:16
263,553,5,10,6,2022-06-29 03:24:25,8,2023-06-03 14:48:49
264,157,39,86,1,2023-03-13 19:00:10,5,2023-09-03 11:59:39
265,493,43,17,6,2023-07-02 15:02:54,2,2023-01-06 21:37:25
266,659,44,81,2,2023-08-24 14:00:17,6,2023-06-25 07:29:14
267,371,41,63,1,2022-04-24 22:30:26,10,2023-03-23 07:32:53
268,505,33,77,4,2023-04-04 14:22:10,2,2022-04-25 11:27:17
269,372,21,92,2,2023-09-04 06:09:48,4,2022-01-29 09:28:06
270,973,11,71,4,2022-12-09 19:01:20,3,2022-03-10 22:50:05
271,723,4,76,5,2022-04-20 02:37:51,8,2023-03-03 01:27:03
272,984,46,79,1,2022-12-03 03:16:20,7,2022-05-01 01:58:34
273,743,18,31,4,2022-08-21 08:55:51,4,2022-07-16 22:03:41
274,257,15,52,6,2022-07-20 09:42:55,2,2022-07-22 22:29:27
275,324,23,13,6,2022-09-10 18:41:08,5,2022-12-05 10:00:50
276,234,9,66,4,2022-02-09 04:24:34,3,2022-08-23 19:35:56
277,896,42,16,2,2022-01-26 06:11:27,1,2023-02-03 05:22:26
278,141,49,60,2,2023-02-06 17:12:36,4,2023-05-19 05:21:13
279,835,34,42,2,2022-04-15 11:59:25,9,2022-10-01 08:55:18
280,498,20,1,4,2022-11-22 11:17:17,1,2023-01-25 03:32:38
281,125,10,67,3,2023-06-24 14:21:23,2,2023-06-08 12:13:13
282,39,32,74,3,2022-11-01 16:01:13,4,2022-10-20 10:23:22
283,981,45,53,5,2023-03-06 05:58:33,6,2022-03-07 13:01:52
284,157,17,51,2,2023-02-04 00:11:50,4,2022-07-09 10:34:41
285,558,50,93,2,2023-03-28 07:21:24,3,2022-04-30 12:39:44
286,148,2,84,6,2023-07-14 18:55:58,1,2023-05-13 09:17:39
287,203,22,5,5,2022-06-01 04:59:26,1,2023-05-01 19:32:03
288,149,40,78,1,2022-06-25 22:52:10,4,2023-03-20 10:05:17
289,620,27,96,4,2023-03-10 03:23:32,4,2022-12-16 02:36:37
290,260,7,75,5,2022-10-14 13:00:55,3,2022-08-26 16:20:41
291,170,25,65,3,2023-06-26 03:31:45,5,2022-06-03 20:41:26
292,702,8,39,6,2023-01-21 08:26:56,3,2023-07-05 06:54:50
293,18,6,54,1,2022-12-22 01:34:45,10,2022-10-04 12:47:58
294,292,14,27,5,2022-07-18 03:22:18,10,2022-10-14 09:54:57
295,755,19,45,6,2023-02-01 07:41:16,1,2023-02-13 09:19:06
296,849,12,57,6,2022-12-14 22:02:11,10,2023-08-30 09:42:14
297,910,3,73,3,2022-06-21 01:51:15,4,2023-09-06 02:08:43
298,281,30,44,3,2022-11-08 10:53:24,10,2022-06-26 05:09:33
299,628,13,70,6,2022-05-10 22:19:59,10,2022-09-19 08:17:52
300,242,35,2,6,2022-05-09 12:53:02,4,2023-02-03 03:27:55
301,762,46,45,3,2022-05-02 11:46:19,2,2023-01-26 22:02:09
302,425,50,49,4,2022-04-06 04:02:23,6,2023-08-13 10:58:06
303,590,1,19,1,2023-07-27 21:28:04,2,2022-06-11 16:32:01
304,714,7,1,6,2023-01-18 04:51:58,4,2022-01-31 20:45:22
305,807,26,53,3,2022-03-18 20:15:49,6,2023-05-28 22:07:34
306,43,24,15,5,2022-08-30 03:04:42,7,2022-05-22 11:35:38
307,804,27,58,3,2022-02-15 15:03:47,5,2022-09-12 10:44:21
308,972,11,98,5,2023-07-20 20:11:01,4,2022-09-08 14:11:03
309,11,28,56,5,2022-08-25 22:19:59,2,2023-04-27 12:05:30
310,43,44,92,4,2023-09-10 00:34:37,4,2023-01-15 07:44:49
311,841,48,61,5,2022-06-17 13:41:55,2,2023-03-13 01:49:24
312,49,20,20,1,2022-01-23 02:43:19,3,2023-05-20 11:25:08
313,442,21,12,6,2023-05-30 08:45:26,4,2022-06-16 23:03:59
314,44,35,83,1,2022-10-03 12:51:01,7,2023-04-30 01:17:51
315,54,10,39,1,2022-10-09 07:41:39,3,2022-12-16 13:44:09
316,881,37,74,1,2023-06-02 12:22:03,5,2022-12-15 15:13:45
317,683,49,55,1,2022-08-06 09:45:38,9,2022-02-27 05:47:02
318,713,25,86,1,2023-08-09 22:46:18,6,2023-04-09 13:17:18
319,555,38,43,6,2023-04-20 04:17:34,9,2022-07-21 13:27:45
320,459,30,66,4,2022-11-08 21:25:21,1,2022-08-07 21:28:09
321,716,42,47,2,2023-06-18 16:38:33,5,2022-02-07 06:58:58
322,343,47,16,6,2022-10-13 17:12:15,7,2023-07-11 15:33:41
323,454,19,100,2,2023-03-07 05:18:33,4,2023-03-06 13:28:46
324,149,16,73,1,2022-06-22 05:24:07,6,2022-09-13 12:51:13
325,558,36,8,4,2023-08-29 23:47:53,8,2022-09-01 03:49:18
326,777,9,62,6,2023-03-19 21:40:54,4,2022-09-03 20:48:02
327,260,17,17,2,2022-10-22 09:01:40,8,2022-09-27 08:38:44
328,460,5,90,1,2023-08-13 18:52:34,7,2022-12-21 14:24:29
329,988,45,28,1,2023-05-10 05:46:10,9,2022-06-27 21:44:25
330,733,33,38,2,2022-06-07 01:26:21,10,2023-09-08 23:50:35
331,976,41,77,4,2022-12-20 11:33:30,4,2023-01-13 08:49:15
332,710,23,54,4,2022-03-16 01:10:26,1,2023-05-23 20:18:30
333,397,39,94,1,2022-02-22 06:54:54,8,2022-06-06 06:33:27
334,250,14,46,2,2022-04-26 12:14:49,9,2023-05-28 23:36:24
335,38,15,22,1,2023-01-26 03:58:47,7,2022-12-07 03:56:28
336,163,43,69,3,2023-01-11 20:16:59,10,2022-02-05 14:01:05
337,624,8,48,3,2022-10-07 07:19:18,5,2022-10-17 00:52:01
338,980,18,30,1,2022-12-15 22:32:30,6,2022-05-03 19:34:26
339,523,34,37,2,2022-08-27 15:27:00,3,2022-01-28 20:22:25
340,104,4,9,4,2022-09-30 15:54:08,3,2022-12-27 10:05:13
341,995,2,26,6,2022-08-19 06:19:31,4,2023-08-26 06:45:14
342,729,40,32,3,2023-06-21 05:29:09,1,2022-05-14 07:01:35
343,956,13,57,5,2023-05-02 07:47:22,5,2022-09-30 12:20:39
344,677,22,79,1,2022-05-24 14:46:45,7,2023-03-18 20:29:30
345,413,32,65,2,2022-12-16 13:17:22,4,2023-05-06 10:20:51
346,548,29,36,4,2022-10-08 22:07:14,10,2022-02-22 16:29:33
347,199,3,71,2,2023-08-14 11:51:23,10,2023-04-19 14:47:18
348,494,31,93,1,2022-05-03 06:46:07,2,2023-08-28 19:21:13
349,658,6,41,6,2023-02-19 04:15:33,2,2022-04-30 01:54:42
350,823,12,72,2,2023-02-10 11:40:44,3,2022-05-15 12:44:31
351,321,35,4,5,2023-05-29 11:54:56,1,2023-05-17 11:51:22
352,577,7,40,4,2022-09-12 11:31:49,3,2022-10-03 22:52:44
353,901,10,10,3,2022-03-16 14:11:16,10,2023-02-04 23:00:59
354,228,37,35,4,2022-12-22 18:25:45,7,2023-08-15 11:28:55
355,619,20,24,5,2023-01-21 13:09:09,1,2022-07-03 12:04:52
356,583,44,96,6,2023-01-31 11:00:12,9,2023-03-24 12:16:06
357,536,15,67,1,2022-03-05 22:24:09,8,2023-05-07 22:50:39
358,173,47,63,5,2022-03-26 12:00:03,6,2022-10-09 10:06:00
359,504,18,75,3,2023-06-29 22:04:40,9,2023-06-23 12:20:28
360,972,26,6,3,2022-09-11 00:27:01,7,2022-04-22 06:04:01
361,494,46,81,6,2023-08-31 01:52:52,10,2022-02-06 02:36:06
362,912,6,33,1,2023-07-29 16:53:44,10,2022-09-02 04:03:03
363,343,38,51,2,2022-04-11 20:59:28,8,2022-06-22 09:39:10
364,731,34,29,6,2023-06-20 19:57:03,2,2023-03-26 04:39:13
365,865,39,64,6,2023-02-09 05:47:37,5,2022-05-03 03:49:10
366,38,33,5,3,2023-05-22 05:12:24,7,2022-04-02 19:26:34
367,289,24,34,4,2022-05-31 06:44:47,10,2023-02-07 01:54:36
368,712,19,11,2,2022-08-29 06:30:05,8,2022-05-04 10:53:41
369,360,42,99,6,2023-01-22 12:42:03,3,2022-11-13 16:07:25
370,755,50,76,2,2023-02-14 20:01:24,3,2022-12-03 17:30:50
371,20,36,97,4,2023-08-11 20:23:36,7,2022-04-13 03:50:54
372,131,23,87,2,2023-01-05 08:10:12,1,2023-08-16 20:08:34
373,451,48,3,4,2022-11-08 05:35:49,4,2023-05-27 07:46:40
374,90,41,42,5,2023-05-25 16:58:40,10,2022-07-17 01:22:50
375,19,8,82,5,2023-07-26 02:13:38,9,2022-10-23 06:04:29
376,534,49,59,1,2022-09-14 18:16:57,5,2022-05-23 15:01:00
377,801,21,25,2,2022-04-16 00:32:25,10,2022-11-04 14:16:03
378,249,9,95,1,2022-10-22 02:18:44,9,2022-01-30 12:16:25
379,936,30,44,2,2023-07-15 06:42:11,2,2023-06-03 03:14:52
380,484,43,21,1,2023-05-21 02:53:09,6,2022-01-25 02:12:52
381,569,12,91,5,2023-02-17 21:58:04,10,2022-10-21 18:23:43
382,394,29,80,1,2022-11-07 11:37:35,7,2022-09-10 12:42:19
383,802,16,85,6,2022-03-04 16:27:09,6,2022-03-05 21:21:29
384,89,5,60,5,2023-05-26 17:56:52,8,2023-08-21 10:48:09
385,731,3,18,3,2023-04-09 05:22:16,9,2023-02-13 22:52:04
386,279,28,14,4,2022-12-05 13:22:33,4,2022-07-23 14:14:35
387,656,32,78,6,2022-06-14 03:35:04,6,2023-06-01 14:16:53
388,495,1,7,5,2022-02-08 22:29:35,1,2023-07-18 23:53:03
389,521,40,50,5,2022-11-18 13:23:51,6,2022-08-08 01:01:26
390,75,4,23,5,2023-02-20 01:12:59,6,2022-04-10 01:28:19
391,415,11,88,3,2022-01-31 21:18:25,4,2023-08-16 16:32:23
392,322,31,31,4,2023-03-10 07:22:00,3,2022-01-26 17:26:51
393,888,17,84,2,2023-01-12 20:02:54,10,2022-02-22 08:29:09
394,256,22,27,3,2023-08-04 20:23:36,3,2023-06-07 07:48:04
395,121,25,68,3,2023-04-01 15:05:55,6,2022-05-04 19:14:48
396,459,14,52,3,2022-04-09 00:35:34,3,2022-08-24 11:13:27
397,375,13,13,2,2022-09-18 14:39:01,3,2023-02-16 12:34:00
398,935,27,11,1,2022-08-16 17:17:21,10,2023-02-12 03:48:41
399,625,45,13,3,2022-11-26 20:41:37,7,2022-10-22 15:44:06
400,249,2,60,2,2023-07-02 11:18:17,8,2023-08-02 08:58:35
401,901,13,58,4,2022-06-25 02:23:00,4,2023-09-07 18:18:30
402,49,5,92,3,2023-06-18 10:50:34,1,2023-08-19 08:38:42
403,731,10,94,3,2023-01-31 03:57:28,1,2022-02-25 05:44:04
404,766,31,86,6,2022-03-08 20:28:59,9,2023-05-23 06:31:47
405,451,27,25,2,2023-08-16 08:47:28,8,2023-07-21 17:33:46
406,160,6,67,4,2023-04-03 16:49:55,4,2023-03-16 23:57:21
407,609,25,44,5,2023-09-03 04:55:22,8,2022-07-23 06:57:02
408,221,22,64,5,2022-02-06 16:47:35,5,2023-03-06 07:35:36
409,993,17,87,6,2023-02-26 12:07:19,9,2022-06-01 16:37:26
410,436,18,89,3,2022-02-01 16:23:24,4,2023-06-22 09:57:05
411,829,15,19,6,2023-04-05 05:36:07,10,2022-05-08 00:09:49
412,794,28,48,3,2022-08-04 04:52:12,1,2023-01-31 15:55:23
413,679,42,88,5,2023-05-13 08:56:00,6,2022-10-13 01:53:19
414,991,33,41,3,2023-01-08 21:04:47,10,2023-01-01 11:56:02
415,565,49,90,4,2022-02-19 14:44:35,5,2023-03-24 15:32:56
416,601,7,97,1,2022-11-01 05:38:30,5,2023-01-26 22:16:32
417,516,43,35,2,2022-07-17 09:19:45,10,2023-08-11 21:09:34
418,586,24,62,3,2022-09-07 07:47:46,3,2023-04-06 00:10:04
419,573,20,55,3,2023-06-01 16:12:25,1,2022-02-23 03:18:28
420,700,12,57,5,2023-03-10 15:48:59,10,2022-08-26 14:20:13
421,814,16,46,5,2023-05-15 13:03:21,10,2022-05-08 04:30:16
422,821,50,77,4,2023-01-15 15:02:00,1,2022-08-30 22:18:17
423,813,45,93,3,2022-05-01 02:55:17,9,2022-11-11 09:16:08
424,366,1,53,5,2023-04-24 13:16:36,9,2023-06-18 23:43:25
425,128,36,7,5,2022-08-27 19:05:30,1,2023-04-27 04:49:12
426,165,44,74,3,2023-06-28 20:05:41,10,2023-01-17 14:13:01
427,646,35,14,6,2023-02-28 19:04:51,7,2022-06-08 16:15:06
428,728,11,76,4,2023-05-24 03:18:18,1,2022-10-13 04:59:23
429,963,23,66,1,2022-06-09 07:22:08,9,2022-09-23 03:07:28
430,478,29,73,3,2022-11-06 10:51:36,8,2022-11-02 11:25:41
431,709,14,63,6,2022-05-09 06:09:43,3,2022-11-26 11:03:36
432,412,8,65,1,2022-06-14 11:49:24,6,2022-02-26 06:39:06
433,142,34,49,2,2023-08-27 03:29:44,2,2023-03-14 02:30:21
434,840,19,68,2,2023-01-28 01:16:24,7,2022-09-11 19:14:47
435,110,41,26,1,2023-05-08 06:57:25,3,2023-09-08 13:03:38
436,770,48,5,1,2023-06-10 02:16:52,9,2022-11-07 11:05:44
437,148,32,6,3,2022-06-17 09:40:47,8,2023-02-11 04:44:28
438,185,9,37,6,2023-02-28 13:13:41,9,2022-06-29 13:57:50
439,653,37,3,5,2022-11-27 00:35:33,4,2022-07-02 18:04:22
440,821,26,82,5,2023-02-11 09:29:12,6,2023-05-30 04:29:02
441,957,38,22,4,2022-07-20 11:00:23,9,2022-08-10 01:52:59
442,92,3,100,4,2023-07-02 10:35:14,6,2023-09-10 20:59:36
443,332,46,75,3,2023-04-12 23:17:37,9,2023-07-30 02:27:56
444,705,47,50,3,2023-03-13 00:53:54,3,2023-01-29 22:01:42
445,366,21,27,4,2022-08-20 07:43:10,4,2023-06-18 14:00:25
446,993,30,85,6,2023-02-20 03:28:54,2,2023-09-06 00:05:01
447,585,39,28,1,2022-08-13 14:58:00,5,2022-02-27 20:09:40
448,423,2,21,1,2023-03-07 19:17:11,1,2023-01-30 10:07:17
449,743,4,83,2,2022-11-03 08:38:11,2,2023-03-08 16:58:47
450,31,40,43,1,2022-05-01 18:14:14,4,2022-05-07 04:31:59
451,468,11,98,3,2022-05-22 01:42:40,6,2022-10-22 02:33:38
452,335,39,47,5,2022-12-28 18:21:33,8,2023-08-28 21:48:28
453,966,10,78,2,2023-04-21 19:02:23,9,2022-05-27 12:06:39
454,983,44,18,6,2023-01-09 18:02:10,6,2022-10-26 15:36:39
455,647,14,30,6,2023-07-23 19:02:27,2,2022-12-01 11:18:47
456,779,3,54,1,2022-11-11 13:47:10,7,2023-03-18 11:35:47
457,737,31,34,6,2023-05-08 19:52:11,9,2023-04-30 04:52:46
458,817,15,31,6,2022-09-28 21:02:03,8,2022-03-15 06:32:56
459,131,42,1,4,2023-06-04 16:34:45,9,2023-02-18 17:22:43
460,774,7,70,2,2022-09-26 06:54:59,1,2022-08-17 22:31:36
461,496,28,15,2,2022-03-02 07:40:42,3,2023-03-06 03:01:31
462,175,38,99,4,2022-10-10 11:33:53,10,2023-07-28 12:22:15
463,160,43,56,6,2023-07-02 15:06:32,2,2023-02-23 03:59:06
464,181,25,69,2,2022-01-31 13:36:29,10,2023-02-28 02:12:22
465,414,37,33,6,2022-06-26 13:42:36,1,2022-01-27 12:07:06
466,378,48,95,1,2022-10-31 17:14:10,3,2022-03-19 03:21:08
467,122,30,71,4,2022-01-24 22:52:19,9,2022-06-27 16:28:22
468,507,27,38,1,2022-11-02 09:53:19,8,2023-08-06 09:09:33
469,399,45,2,4,2022-08-02 13:29:12,9,2022-06-11 20:52:36
470,192,8,8,6,2023-07-25 05:51:42,10,2022-10-22 15:00:09
471,528,2,23,3,2022-05-23 06:44:16,10,2022-09-25 10:23:59
472,841,19,52,6,2022-02-09 14:19:59,9,2023-08-10 17:26:37
473,302,41,20,3,2023-02-12 12:54:14,6,2022-11-04 11:37:47
474,757,47,81,4,2022-01-31 00:24:23,1,2022-02-26 15:29:40
475,185,4,72,5,2022-10-04 07:40:20,4,2022-08-05 17:44:06
476,958,49,36,2,2023-02-19 23:31:03,4,2023-05-11 12:46:15
477,90,9,24,6,2022-02-10 12:34:48,1,2022-12-26 11:29:36
478,334,36,96,3,2022-11-13 08:36:36,4,2023-07-12 23:14:31
479,295,46,9,5,2023-09-04 04:56:29,10,2023-05-20 14:36:55
480,985,18,17,4,2022-05-20 08:27:07,4,2022-04-28 19:54:28
481,113,17,59,6,2022-10-29 14:52:17,7,2023-03-02 03:03:19
482,295,29,61,6,2023-08-21 13:22:02,10,2023-08-25 14:04:22
483,287,50,51,6,2022-04-28 22:43:11,8,2022-10-22 06:37:56
484,90,24,12,2,2023-05-25 22:11:05,7,2022-07-23 11:02:49
485,812,33,91,5,2023-02-11 22:10:13,4,2023-09-07 02:13:37
486,400,35,4,5,2022-06-23 21:00:20,1,2022-11-22 06:35:34
487,227,13,29,4,2022-12-14 13:22:02,1,2023-08-26 06:51:25
488,367,23,79,3,2023-03-22 16:05:11,4,2022-02-21 14:58:33
489,69,5,32,5,2022-04-22 03:32:39,3,2022-04-14 14:34:27
490,428,22,84,5,2023-07-30 06:24:31,1,2023-01-23 17:35:07
491,366,21,42,6,2023-03-17 11:33:52,1,2023-02-26 18:56:38
492,326,26,45,6,2023-04-01 08:05:48,7,2022-04-22 05:16:05
493,779,16,80,1,2022-08-03 22:26:08,2,2022-07-14 14:19:01
494,921,34,40,4,2023-04-05 01:15:07,6,2023-01-26 21:30:42
495,382,12,39,6,2022-04-05 08:53:45,2,2022-08-06 08:18:23
496,72,40,16,2,2022-04-05 08:12:24,7,2022-01-27 14:04:44
497,113,20,10,2,2022-06-22 11:18:48,3,2022-03-04 14:36:23
498,650,6,13,1,2022-11-11 06:16:48,9,2022-03-15 16:05:43
499,579,32,10,5,2022-06-29 06:39:59,8,2022-06-17 17:42:09
500,284,1,34,1,2022-11-21 09:10:54,4,2023-08-30 10:47:51
501,184,21,77,5,2023-08-21 07:32:53,8,2022-02-26 07:56:26
502,336,48,9,5,2022-06-02 06:51:22,8,2023-08-05 13:58:59
503,650,19,82,4,2022-07-07 22:50:44,2,2022-11-22 19:53:26
504,787,50,35,4,2023-04-18 04:27:18,3,2023-05-05 07:18:19
505,114,27,76,3,2022-05-13 12:05:01,7,2022-03-18 04:58:05
506,813,42,24,2,2022-08-10 00:20:07,3,2023-01-11 20:43:29
507,782,20,29,6,2022-03-05 05:03:19,4,2023-08-10 14:55:26
508,572,7,55,5,2023-08-23 20:52:44,9,2023-03-15 14:29:28
509,875,28,50,5,2023-03-27 22:33:19,5,2023-08-28 11:52:02
510,691,9,25,6,2023-06-22 03:03:12,5,2022-10-10 09:44:45
511,160,12,18,4,2023-04-23 10:25:00,9,2023-03-07 14:57:47
512,34,16,52,2,2022-08-26 19:03:02,2,2023-08-29 19:04:55
513,696,3,27,1,2022-08-26 16:48:19,7,2022-10-29 09:54:43
514,956,24,17,1,2022-03-22 23:04:34,2,2022-08-09 14:04:14
515,675,34,63,2,2022-11-02 04:28:34,8,2023-08-05 20:50:49
516,648,43,99,1,2023-05-26 10:56:50,2,2023-05-20 10:15:24
517,35,46,93,5,2023-08-20 10:28:32,2,2023-01-20 22:46:21
518,540,13,51,6,2022-10-31 05:35:19,6,2023-01-17 02:18:19
519,557,22,92,4,2022-06-01 16:07:12,2,2023-04-23 23:08:25
520,13,17,1,3,2023-07-05 15:50:43,10,2023-05-15 04:49:44
521,877,30,80,4,2023-03-09 08:45:45,2,2022-04-13 08:37:17
522,539,14,4,2,2023-03-15 14:18:48,5,2022-04-15 09:43:07
523,552,36,54,5,2023-07-17 18:28:07,4,2023-06-02 07:46:23
524,988,5,44,2,2022-05-04 16:08:09,8,2022-09-10 06:25:39
525,197,37,31,6,2022-11-14 21:31:22,6,2022-11-11 21:41:22
526,647,40,89,2,2022-11-08 10:13:16,8,2022-09-17 00:43:50
527,203,6,72,4,2023-04-24 02:37:48,1,2022-04-25 14:25:02
528,529,4,39,2,2023-01-06 03:57:58,9,2022-05-25 05:17:21
529,181,35,21,4,2022-11-27 23:37:57,9,2022-04-01 20:22:29
530,983,45,20,2,2022-05-19 17:37:41,2,2022-03-28 06:28:50
531,86,26,70,5,2023-02-20 05:52:52,2,2022-02-03 19:31:07
532,74,8,58,6,2023-09-09 22:01:28,3,2022-03-01 18:31:05
533,696,11,83,2,2022-05-31 04:33:44,2,2023-02-22 13:28:32
534,487,15,15,5,2023-07-14 22:18:33,10,2023-03-05 15:11:47
535,952,47,3,3,2023-04-16 00:25:18,9,2022-06-12 01:25:31
536,823,29,59,6,2023-06-03 07:37:33,8,2023-07-17 08:05:15
537,979,44,66,5,2022-01-21 17:12:23,2,2022-11-05 12:43:36
538,308,25,64,3,2022-03-05 08:21:25,8,2022-09-19 23:48:16
539,923,1,96,6,2023-04-26 15:44:44,4,2023-01-04 13:21:34
540,203,23,69,5,2022-12-17 16:51:24,6,2023-07-28 04:44:23
541,846,39,75,5,2023-01-13 00:10:36,8,2022-10-08 23:54:06
542,778,32,26,4,2023-03-01 03:22:53,3,2022-10-13 03:12:19
543,54,49,95,3,2022-12-26 18:22:40,9,2022-05-18 13:00:35
544,931,10,56,2,2022-08-31 16:03:59,6,2023-01-28 17:52:44
545,657,2,79,3,2023-08-15 04:55:25,4,2022-11-23 04:10:05
546,199,38,73,2,2022-10-11 04:31:03,7,2022-12-13 22:28:53
547,202,31,61,3,2023-03-22 23:30:29,8,2022-04-01 06:12:49
548,488,41,19,3,2022-04-05 19:02:12,2,2022-09-30 04:59:37
549,385,33,85,6,2022-08-31 21:05:41,3,2023-05-16 08:54:15
550,233,18,41,1,2022-09-07 06:32:05,10,2022-08-26 15:42:34
551,913,28,97,3,2023-05-20 08:01:31,3,2022-12-20 12:54:36
552,116,18,5,3,2023-07-29 04:10:47,6,2023-01-21 03:04:14
553,709,42,94,1,2022-04-28 00:46:30,5,2023-06-25 18:34:27
554,786,13,87,6,2022-07-27 19:06:01,1,2023-04-29 23:21:25
555,725,49,12,4,2023-03-09 20:50:22,4,2022-08-24 05:23:09
556,223,12,47,3,2023-06-04 15:59:00,5,2022-03-14 11:20:46
557,79,26,84,1,2022-05-03 18:55:16,2,2022-05-12 22:45:27
558,771,22,36,4,2022-09-23 14:08:18,9,2022-02-03 17:12:31
559,891,2,16,4,2022-05-18 04:29:12,2,2022-12-19 07:03:36
560,779,47,100,6,2023-01-27 14:57:57,9,2022-07-08 02:10:53
561,651,16,91,3,2023-03-12 04:34:32,5,2023-06-13 20:25:17
562,128,31,98,2,2022-04-08 09:51:44,9,2022-02-20 23:24:55
563,319,34,68,3,2023-01-05 16:28:10,7,2023-01-26 05:45:04
564,483,38,2,1,2022-04-18 00:25:28,3,2022-02-11 09:07:45
565,819,29,22,3,2022-06-13 03:06:44,4,2023-03-09 04:39:30
566,379,8,88,5,2023-05-28 04:18:20,5,2023-04-20 18:25:16
567,238,23,33,2,2022-07-02 11:17:51,4,2022-06-22 03:19:19
568,722,19,86,3,2022-03-26 18:33:54,2,2022-05-30 15:52:22
569,289,6,62,4,2023-01-29 14:33:53,4,2022-10-22 09:51:42
570,973,40,48,2,2023-06-17 14:25:40,6,2022-05-27 20:46:40
571,688,32,81,4,2023-06-06 21:17:33,6,2022-09-24 12:24:47
572,58,7,23,3,2023-08-21 04:37:34,7,2023-09-01 13:54:02
573,227,21,49,4,2023-04-19 12:39:12,8,2022-06-04 18:30:23
574,395,46,90,3,2022-01-22 03:29:26,3,2023-05-12 02:01:59
575,144,50,42,5,2022-07-14 21:11:13,7,2022-10-17 06:52:01
576,693,44,37,4,2022-03-07 22:59:16,9,2023-06-07 23:33:27
577,58,17,57,4,2022-11-21 03:56:13,4,2023-03-03 23:17:38
578,301,11,43,5,2023-01-26 02:50:50,4,2023-04-18 07:25:31
579,568,5,46,4,2022-05-17 05:25:15,8,2022-07-01 02:46:40
580,511,43,60,2,2022-07-12 07:04:54,7,2022-05-13 22:06:53
581,634,24,32,1,2023-03-31 06:32:20,2,2022-09-30 11:09:51
582,822,14,11,2,2023-06-19 18:37:43,9,2022-07-03 02:29:57
583,873,30,65,6,2023-06-25 07:20:00,4,2022-10-11 01:42:38
584,383,33,7,3,2022-09-25 16:11:46,7,2023-06-17 04:56:41
585,760,39,28,1,2023-01-31 02:59:40,9,2023-04-23 12:00:34
586,650,9,67,2,2023-05-07 05:02:31,1,2022-06-08 21:55:50
587,320,3,8,3,2022-04-05 05:44:55,5,2022-10-26 23:45:22
588,327,27,30,5,2023-07-21 03:11:20,10,2022-11-13 03:32:21
589,130,48,40,1,2023-08-30 04:31:02,3,2022-07-11 02:25:30
590,945,36,45,6,2022-03-12 17:02:11,7,2022-10-23 21:48:13
591,429,41,6,2,2022-02-15 11:16:30,9,2022-02-23 21:27:16
592,893,35,14,6,2023-07-11 01:05:21,1,2022-02-01 19:45:05
593,794,45,78,1,2023-02-25 00:41:32,6,2022-06-28 12:41:35
594,235,4,38,5,2023-01-26 01:31:42,4,2022-12-05 11:49:21
595,362,10,71,6,2023-04-19 20:52:22,1,2022-11-02 18:32:13
596,92,25,53,4,2022-02-18 17:02:42,3,2022-11-25 13:17:11
597,95,1,74,5,2022-05-08 12:03:08,4,2022-07-20 01:01:41
598,768,15,88,5,2023-07-02 07:23:11,6,2022-02-13 08:16:29
599,73,20,58,3,2022-03-14 16:35:59,10,2023-02-19 21:25:18
600,159,37,51,4,2022-03-17 16:13:45,10,2022-05-06 00:51:17
601,292,19,34,1,2022-04-27 14:46:51,3,2022-11-18 19:06:29
602,88,45,91,4,2022-10-03 01:46:04,1,2023-08-12 18:11:39
603,614,21,84,2,2022-06-29 05:42:59,7,2022-11-14 05:38:21
604,396,35,66,1,2023-04-13 18:59:22,8,2022-08-12 18:45:18
605,129,37,62,6,2022-03-17 17:35:33,9,2023-06-12 20:41:45
606,294,2,30,4,2023-03-25 18:33:20,8,2022-12-16 08:01:18
607,988,11,29,2,2022-10-16 17:21:03,1,2022-02-06 18:08:44
608,680,18,45,3,2023-07-03 01:12:34,1,2022-03-24 19:34:10
609,407,16,11,5,2022-08-09 12:23:00,4,2023-04-19 06:50:50
610,196,32,73,2,2023-02-19 02:40:55,1,2022-03-11 16:50:52
611,47,27,64,1,2022-12-16 13:59:41,1,2023-06-20 22:14:37
612,98,14,26,4,2022-05-04 04:25:53,4,2022-09-22 15:54:18
613,362,43,46,3,2022-02-05 08:32:39,5,2022-03-15 16:39:16
614,834,7,60,1,2022-10-22 19:24:33,10,2023-01-30 02:54:57
615,63,29,15,5,2022-06-29 09:02:46,10,2022-03-24 09:39:27
616,926,20,63,2,2023-03-06 14:17:08,6,2023-07-10 10:17:39
617,317,33,53,6,2023-04-29 19:44:57,3,2023-06-17 01:38:57
618,423,5,37,4,2023-07-19 03:25:30,7,2022-07-22 21:38:57
619,451,3,83,5,2022-07-15 02:36:49,1,2022-11-19 02:38:35
620,14,46,31,1,2022-01-22 08:00:06,5,2023-02-03 19:12:10
621,385,10,12,3,2023-03-10 10:23:18,1,2023-02-06 06:33:02
622,868,12,21,3,2023-05-10 06:42:14,3,2023-07-31 02:04:58
623,187,26,94,3,2022-06-16 07:51:40,10,2022-12-13 04:02:25
624,642,9,16,4,2022-06-23 11:08:40,4,2023-07-12 16:23:03
625,51,42,4,2,2022-10-26 21:46:26,10,2023-07-16 05:41:47
626,131,50,90,6,2022-02-12 23:45:01,8,2022-05-05 22:59:48
627,970,8,10,6,2023-02-06 17:24:13,9,2022-01-22 18:12:06
628,753,39,13,4,2022-09-05 10:22:58,1,2022-01-29 10:56:41
629,380,38,5,3,2022-06-01 11:32:42,7,2023-05-03 06:19:05
630,330,13,57,3,2023-01-13 01:08:28,9,2022-04-12 14:32:43
631,864,49,99,1,2023-05-25 18:25:16,10,2023-08-10 20:34:44
632,515,30,77,3,2022-11-24 00:30:14,9,2022-02-20 05:17:58
633,106,22,71,2,2022-05-31 05:40:22,5,2022-06-16 05:30:47
634,187,48,3,5,2023-03-08 06:14:42,10,2022-10-01 04:08:50
635,692,28,76,1,2023-06-01 20:34:13,9,2023-08-15 12:30:43
636,453,40,39,6,2022-06-16 04:15:07,1,2022-11-18 00:39:07
637,772,6,25,1,2022-11-16 19:02:15,1,2022-07-18 02:12:52
638,911,41,55,4,2022-03-11 04:44:07,1,2022-03-02 20:50:28
639,853,17,59,4,2023-08-25 23:42:16,8,2023-02-10 07:55:46
640,474,23,9,2,2022-10-20 08:33:31,5,2022-11-09 18:56:07
641,720,47,86,4,2022-02-12 22:41:49,9,2023-03-30 23:44:44
642,204,44,7,2,2022-04-09 00:04:40,6,2023-04-19 12:16:15
643,430,31,96,2,2022-05-09 17:25:08,4,2023-01-16 13:15:03
644,450,25,20,2,2022-04-10 17:19:44,4,2023-08-27 21:50:35
645,787,15,61,6,2022-08-01 18:09:32,6,2022-08-24 10:16:10
646,303,34,2,4,2022-07-22 07:11:15,5,2022-06-21 12:51:05
647,356,1,41,4,2022-08-15 16:46:35,5,2023-01-07 20:57:59
648,482,36,23,2,2022-06-11 22:00:53,4,2022-05-25 02:43:38
649,688,24,19,5,2022-10-29 08:30:14,7,2023-06-10 11:00:09
650,39,4,89,6,2022-05-02 15:29:10,7,2023-03-19 08:26:37
651,34,41,32,6,2023-02-20 15:00:15,2,2022-04-22 05:59:44
652,928,36,18,4,2022-04-07 08:58:30,3,2023-03-25 01:36:05
653,342,15,8,4,2023-03-09 13:27:31,7,2023-06-03 08:51:36
654,749,38,95,4,2022-11-14 20:10:32,3,2022-11-30 12:04:12
655,59,28,97,3,2022-10-16 06:16:48,7,2023-05-14 02:13:17
656,146,20,17,2,2022-03-08 06:32:38,3,2022-10-12 16:13:31
657,96,6,27,6,2022-07-15 02:17:45,5,2023-01-07 23:38:09
658,934,13,70,4,2023-03-07 23:19:03,10,2023-04-21 07:26:01
659,539,49,81,2,2023-06-11 06:49:21,4,2022-07-27 15:24:31
660,91,7,80,5,2023-03-30 09:50:40,6,2023-02-08 08:45:36
661,199,35,50,3,2023-04-10 12:07:11,7,2023-07-01 17:39:14
662,432,11,100,1,2022-05-22 02:36:30,8,2023-06-07 09:38:17
663,947,10,6,6,2022-01-30 15:31:53,1,2022-10-01 11:18:30
664,869,14,38,1,2022-11-29 05:55:28,9,2023-05-25 20:04:21
665,732,48,35,6,2023-09-08 21:42:32,9,2023-04-22 09:23:12
666,643,32,98,2,2023-07-12 21:07:07,5,2022-05-18 05:03:39
667,418,2,69,2,2022-04-26 15:40:20,10,2022-07-24 00:10:24
668,269,9,74,1,2023-03-16 21:50:32,9,2023-05-18 02:36:07
669,891,29,54,5,2023-02-08 15:50:42,4,2023-03-12 09:10:28
670,951,44,93,6,2022-08-09 20:13:23,10,2022-03-08 05:28:48
671,197,16,33,4,2022-11-25 14:53:47,8,2023-03-24 18:49:39
672,855,18,52,6,2023-06-19 18:32:21,6,2023-03-24 10:29:53
673,479,40,56,3,2022-07-24 23:47:25,4,2023-01-17 14:08:21
674,926,46,87,1,2022-11-03 13:10:02,1,2022-07-30 05:56:58
675,789,31,49,1,2023-01-13 18:14:20,1,2022-01-29 10:02:43
676,667,42,75,3,2022-03-26 22:12:57,8,2023-08-28 06:42:47
677,536,39,67,4,2023-02-20 18:33:53,9,2023-08-22 02:52:17
678,759,8,79,6,2023-05-28 01:16:24,4,2022-06-13 07:33:44
679,732,21,1,3,2022-05-26 20:46:03,9,2023-01-13 13:07:49
680,475,47,72,6,2023-04-10 16:06:58,5,2022-12-28 09:53:06
681,42,1,14,5,2022-03-30 02:42:14,10,2023-07-09 16:56:13
682,721,43,68,6,2022-08-21 18:32:22,9,2022-08-25 03:43:26
683,417,3,44,1,2023-04-27 04:53:03,2,2023-06-03 07:19:10
684,362,19,92,2,2022-10-19 12:28:38,8,2022-08-11 18:53:22
685,672,50,24,5,2022-03-19 15:37:42,7,2023-07-26 03:05:18
686,943,26,40,2,2022-12-01 05:20:12,4,2022-12-28 14:07:50
687,276,34,36,2,2022-11-27 03:35:03,2,2023-02-19 12:08:48
688,454,45,28,4,2022-08-01 14:17:08,2,2022-09-17 18:55:33
689,27,5,78,2,2023-01-03 10:03:25,10,2023-01-01 08:13:08
690,741,12,48,6,2023-03-14 17:11:54,1,2022-07-03 23:04:39
691,893,4,43,1,2022-10-05 16:24:08,8,2023-05-03 20:16:09
692,235,30,82,1,2023-05-19 22:37:24,2,2023-03-15 05:27:54
693,1000,27,85,1,2023-02-06 11:20:14,5,2022-01-30 07:10:25
694,697,22,65,2,2023-06-27 07:54:15,1,2022-12-09 23:37:20
695,555,17,42,1,2023-08-03 14:33:50,2,2022-06-13 16:02:50
696,260,23,47,6,2022-12-07 18:07:27,5,2023-01-29 06:02:53
697,213,37,16,3,2022-12-31 10:23:00,3,2022-02-17 03:22:28
698,967,24,56,2,2022-10-23 10:39:24,2,2023-07-01 00:01:21
699,186,33,48,2,2022-02-12 20:57:32,6,2023-05-30 04:06:01
700,488,25,13,1,2023-04-05 14:54:01,3,2022-11-14 19:10:41
701,244,16,69,2,2022-07-10 03:42:49,9,2022-02-20 15:36:52
702,567,37,80,3,2023-04-25 10:20:14,1,2023-01-13 00:42:50
703,190,13,18,1,2023-03-27 02:54:26,7,2023-01-01 20:18:02
704,177,28,38,6,2022-02-24 03:03:03,3,2023-09-02 18:01:02
705,897,25,47,3,2022-09-19 20:28:11,7,2022-07-09 21:20:18
706,756,30,67,2,2023-02-28 00:37:15,10,2022-03-28 17:33:22
707,499,48,91,4,2022-09-15 15:46:37,9,2023-05-29 00:02:55
708,364,23,76,5,2023-09-10 18:56:14,9,2022-12-04 23:32:07
709,551,14,26,3,2023-04-14 18:12:05,6,2023-04-25 23:34:50
710,58,21,83,2,2023-02-01 00:46:11,8,2023-07-29 21:13:34
711,373,2,55,1,2023-01-07 09:30:27,10,2023-03-26 19:23:18
712,37,17,93,2,2022-10-08 19:41:42,5,2022-03-16 05:03:10
713,726,12,22,5,2022-10-05 19:58:36,4,2022-10-28 19:33:43
714,222,27,7,3,2023-05-16 08:13:49,10,2022-04-10 23:01:46
715,520,46,74,6,2023-07-09 20:01:22,9,2022-10-23 02:17:41
716,437,31,32,6,2022-06-10 21:35:39,1,2023-09-05 01:38:54
717,452,3,45,1,2022-09-02 12:56:48,9,2022-03-12 04:22:54
718,671,6,36,4,2023-05-26 15:30:21,3,2022-03-25 08:08:48
719,878,11,90,5,2023-07-05 16:18:25,3,2022-01-29 10:06:53
720,302,4,72,5,2022-08-18 16:19:08,2,2022-12-11 23:14:52
721,842,42,41,4,2022-06-16 17:17:11,2,2022-12-08 21:24:56
722,982,36,58,1,2022-05-25 22:59:42,3,2023-07-10 18:52:34
723,695,43,31,3,2022-08-06 21:36:31,2,2022-06-12 02:26:14
724,2,40,8,1,2022-08-29 06:58:47,2,2022-09-24 23:44:38
725,704,10,39,6,2023-08-03 17:19:22,4,2023-04-23 01:41:04
726,369,35,43,5,2023-06-18 13:20:17,4,2022-11-20 20:25:32
727,51,41,34,1,2022-02-24 12:08:57,9,2022-12-28 14:01:07
728,277,49,81,2,2022-03-20 02:08:47,2,2022-09-04 18:47:02
729,425,47,2,2,2023-04-17 05:56:49,10,2023-07-17 14:37:02
730,45,15,63,3,2023-02-15 12:54:49,5,2023-07-28 20:58:45
731,926,50,88,5,2022-06-28 14:33:46,7,2022-05-08 01:24:25
732,347,44,89,6,2023-04-30 14:50:48,10,2023-03-29 05:47:52
733,218,39,52,1,2023-07-27 12:20:53,1,2022-09-01 12:20:59
734,658,38,44,5,2023-05-03 05:31:47,7,2022-10-24 08:24:15
735,130,1,77,6,2022-08-03 02:05:52,10,2023-03-09 15:52:40
736,715,19,65,2,2023-05-24 00:40:45,6,2023-07-22 09:18:37
737,822,24,24,6,2022-04-13 16:39:00,9,2023-01-25 23:44:12
738,689,45,75,5,2022-08-05 02:12:26,7,2022-11-07 03:23:29
739,814,5,30,6,2023-03-13 16:47:52,5,2023-01-12 22:45:19
740,121,34,11,5,2022-01-25 21:59:32,3,2023-08-08 01:31:42
741,560,18,29,1,2022-08-09 07:55:22,3,2022-04-19 22:49:12
742,390,7,10,3,2023-08-07 06:13:27,2,2022-04-29 02:17:02
743,575,32,79,2,2022-08-21 14:57:38,10,2022-10-13 16:18:46
744,521,26,60,6,2023-01-20 00:05:37,8,2023-08-15 02:48:26
745,660,33,85,5,2022-12-14 03:09:23,3,2022-09-19 09:37:32
746,490,29,23,5,2023-01-21 01:37:14,2,2023-01-19 00:56:43
747,512,22,62,5,2023-06-11 21:20:46,4,2022-05-14 22:27:33
748,534,8,33,4,2023-08-09 20:56:05,9,2022-01-26 16:37:48
749,813,20,49,5,2022-01-21 23:41:21,3,2022-08-27 10:14:34
750,863,9,99,2,2022-03-03 17:05:58,9,2022-03-13 15:37:53
751,873,11,97,3,2022-06-08 16:46:05,5,2023-08-08 08:37:31
752,143,32,78,1,2023-02-20 20:48:48,1,2022-09-27 11:05:53
753,618,44,6,6,2023-04-15 10:31:32,8,2022-03-13 04:37:01
754,574,48,4,6,2022-08-14 16:32:07,9,2023-08-16 11:36:58
755,88,31,87,1,2022-06-30 17:15:08,2,2022-10-15 02:05:39
756,165,1,92,3,2022-11-08 22:54:03,4,2022-06-08 20:23:43
757,542,6,40,4,2022-03-01 02:14:10,1,2022-12-09 12:53:35
758,144,17,35,2,2023-05-01 06:54:04,8,2022-12-24 11:13:30
759,290,25,70,3,2022-10-18 01:39:16,5,2022-03-24 03:29:25
760,321,5,1,2,2022-07-25 14:36:47,9,2022-02-08 13:19:14
761,566,16,5,5,2022-10-24 13:00:42,9,2023-07-20 21:27:00
762,972,23,94,5,2023-07-11 14:06:10,7,2022-10-09 13:45:24
763,153,2,68,3,2022-10-19 22:29:26,5,2022-12-29 03:33:46
764,640,3,21,3,2022-05-12 20:44:30,5,2022-09-15 19:05:54
765,517,4,59,5,2022-07-12 20:25:50,10,2022-05-24 01:08:55
766,528,9,12,3,2023-05-28 14:33:52,6,2022-08-21 15:46:05
767,948,22,19,2,2022-07-27 23:27:58,4,2022-07-22 22:02:13
768,582,35,42,2,2023-02-10 08:18:48,2,2023-06-16 04:47:40
769,413,36,20,5,2023-04-13 19:08:49,10,2022-09-22 16:05:50
770,983,24,46,3,2022-10-31 23:21:40,6,2023-06-14 15:04:29
771,701,41,27,4,2023-03-31 05:50:05,4,2022-11-14 08:36:10
772,839,47,37,5,2023-01-20 00:37:23,8,2022-07-23 01:45:58
773,159,34,9,1,2023-05-07 18:51:50,7,2023-03-18 19:40:04
774,358,30,61,4,2022-02-07 12:11:18,9,2023-06-08 17:10:07
775,669,14,98,4,2023-04-01 11:37:48,1,2022-10-17 10:24:48
776,529,39,66,6,2022-07-18 15:21:07,5,2023-07-15 14:20:13
777,874,15,14,4,2022-06-11 23:20:58,3,2023-07-24 07:58:30
778,458,45,57,4,2022-11-15 17:07:12,3,2023-06-19 10:18:34
779,369,27,73,4,2022-09-29 05:16:41,9,2022-10-07 23:30:32
780,646,13,84,3,2022-06-16 10:26:11,3,2022-03-01 21:24:11
781,926,33,54,6,2023-01-16 16:18:56,6,2023-02-22 00:49:07
782,27,46,96,4,2022-07-02 23:36:56,8,2023-07-28 12:45:39
783,464,43,51,6,2023-02-27 19:49:42,7,2023-01-24 16:13:38
784,449,40,25,6,2022-09-22 08:53:02,1,2023-06-06 17:16:50
785,448,7,86,1,2022-10-03 03:41:55,5,2022-04-12 21:27:29
786,291,8,53,6,2023-05-30 00:41:06,4,2023-09-05 04:00:22
787,936,26,64,3,2022-03-25 23:09:26,5,2023-01-08 21:24:50
788,720,29,100,6,2023-02-01 17:44:20,1,2022-05-25 05:03:24
789,71,20,3,3,2023-04-18 22:01:25,6,2022-03-27 01:37:52
790,607,38,17,3,2022-02-02 23:03:59,7,2023-03-13 13:56:32
791,781,18,50,4,2022-06-28 12:03:53,8,2023-04-06 08:37:22
792,708,37,71,5,2023-03-29 19:16:30,8,2022-03-27 20:31:11
793,793,42,95,1,2023-04-18 17:28:06,10,2022-06-15 01:06:24
794,73,28,82,2,2022-08-22 22:07:32,2,2022-10-21 03:12:06
795,670,10,28,3,2023-07-09 16:08:38,2,2023-06-08 13:36:30
796,433,21,15,2,2023-06-01 02:26:12,6,2022-02-12 02:12:31
797,188,50,53,2,2022-07-14 07:24:28,9,2022-02-02 09:58:32
798,198,49,55,6,2023-04-30 01:07:39,1,2022-03-10 00:51:20
799,559,19,68,6,2022-08-03 12:35:19,9,2022-10-21 13:55:44
800,513,12,69,1,2022-12-20 17:21:29,7,2023-05-26 02:00:35
801,163,22,71,3,2023-07-23 06:39:29,2,2022-09-16 02:21:36
802,234,25,91,2,2022-06-06 10:12:53,9,2022-09-21 17:35:35
803,315,31,43,4,2022-08-21 04:25:17,8,2022-11-16 15:12:17
804,38,6,99,3,2022-06-01 12:51:56,9,2022-06-25 15:35:39
805,910,3,1,5,2023-01-14 02:19:40,5,2023-04-18 03:19:34
806,66,27,61,6,2023-06-06 01:36:04,2,2022-08-03 23:54:13
807,934,17,67,6,2022-01-30 07:43:49,5,2023-07-07 05:52:52
808,483,13,39,4,2023-01-22 06:47:06,5,2022-03-17 12:34:13
809,715,26,74,2,2022-07-03 15:33:14,7,2022-12-17 14:09:10
810,508,45,4,2,2023-02-03 14:03:44,1,2022-06-27 09:57:27
811,200,12,82,1,2022-09-03 00:34:21,9,2023-06-19 05:26:48
812,823,1,25,2,2023-02-12 13:22:37,1,2023-07-13 18:13:31
813,337,38,96,1,2022-08-18 12:06:10,1,2022-03-11 06:10:25
814,779,46,79,1,2022-01-24 01:00:46,3,2023-06-15 14:51:43
815,162,39,20,5,2022-10-30 09:14:27,6,2023-01-20 12:13:15
816,566,44,37,3,2023-05-06 09:46:06,5,2022-10-21 04:42:45
817,889,21,64,1,2022-10-17 16:13:24,2,2023-06-03 19:48:28
818,7,47,94,6,2022-12-17 08:41:40,4,2023-04-17 08:22:42
819,409,24,33,1,2022-12-16 10:00:07,10,2023-01-25 05:50:02
820,600,14,5,4,2023-03-22 13:24:04,4,2022-07-09 00:19:58
821,934,50,15,1,2022-11-10 17:21:15,8,2022-11-21 04:54:22
822,200,43,57,3,2022-11-09 07:50:52,10,2022-09-18 17:56:28
823,981,20,8,5,2023-03-03 08:04:21,3,2022-08-31 17:29:17
824,116,4,22,1,2022-01-22 10:03:57,6,2023-03-11 04:04:10
825,508,16,72,1,2022-02-24 12:11:19,5,2022-03-21 08:39:48
826,407,37,80,2,2023-07-24 20:14:04,10,2022-12-15 10:03:54
827,62,8,97,5,2023-06-13 16:26:26,7,2023-02-08 19:54:48
828,327,28,24,5,2023-06-21 12:01:32,4,2022-02-06 23:01:55
829,112,33,63,6,2023-03-13 07:25:08,3,2022-10-17 07:40:48
830,637,49,85,3,2023-07-28 03:15:48,8,2022-02-06 18:09:33
831,511,42,92,6,2023-04-23 01:09:43,10,2023-03-20 10:03:44
832,672,10,76,2,2023-04-11 19:31:55,8,2023-06-13 17:29:28
833,474,48,28,2,2022-06-19 06:46:57,10,2022-05-11 06:13:24
834,465,5,29,5,2022-07-30 23:28:22,10,2022-05-02 19:00:31
835,638,41,46,5,2022-05-01 17:13:03,8,2022-09-01 11:41:34
836,843,11,10,4,2022-05-28 05:38:51,8,2022-09-05 23:40:31
837,667,15,84,5,2022-11-07 12:59:18,8,2023-01-31 17:27:42
838,189,2,62,5,2023-05-18 02:41:46,6,2022-01-21 10:27:03
839,297,18,27,5,2022-04-17 07:41:02,5,2022-07-25 12:19:38
840,573,40,51,4,2022-05-27 18:05:33,5,2022-05-12 02:17:12
841,407,19,44,3,2023-01-13 02:25:37,9,2022-02-17 18:33:42
842,426,9,47,6,2023-06-28 21:14:51,1,2023-07-05 04:00:17
843,55,36,14,6,2022-06-07 16:03:25,10,2022-12-24 18:34:34
844,379,23,12,4,2022-05-11 09:01:17,6,2022-10-06 18:51:11
845,849,32,75,6,2023-03-22 19:41:38,5,2023-03-08 04:38:29
846,693,7,7,4,2023-02-07 07:13:40,5,2022-11-05 05:55:41
847,340,29,73,3,2022-10-20 02:31:04,2,2023-08-16 12:46:43
848,56,35,100,4,2022-05-12 14:14:02,9,2022-07-04 05:45:49
849,20,34,13,1,2022-12-31 19:14:47,4,2022-06-28 09:44:51
850,345,30,18,5,2022-08-29 22:24:59,4,2022-08-07 23:07:23
851,201,26,30,3,2023-05-26 11:01:07,7,2023-01-12 14:49:14
852,886,24,87,4,2022-03-21 20:36:57,1,2022-07-21 05:18:32
853,607,7,3,2,2023-08-17 04:15:51,8,2022-02-14 16:39:48
854,547,15,32,6,2023-01-03 14:00:49,10,2022-02-15 01:07:28
855,566,38,26,2,2022-06-28 22:07:29,4,2023-01-19 10:56:53
856,596,37,17,3,2022-05-27 10:14:15,2,2023-01-15 14:26:28
857,377,45,78,3,2023-03-01 11:27:15,2,2023-01-25 21:42:31
858,373,3,89,3,2023-03-02 00:15:09,4,2023-08-04 21:52:18
859,168,44,19,4,2022-02-13 21:03:08,1,2023-08-29 03:01:35
860,688,18,40,4,2023-05-19 05:23:22,7,2022-03-08 16:56:39
861,309,10,70,5,2022-03-12 04:06:39,9,2022-12-25 20:46:05
862,203,47,9,2,2023-06-27 13:09:16,10,2023-05-23 12:43:56
863,986,19,90,3,2022-02-28 13:40:15,6,2022-08-02 13:42:50
864,885,5,34,3,2022-08-25 21:47:40,3,2022-10-04 06:59:44
865,149,17,86,5,2023-01-15 20:01:55,9,2023-02-08 00:14:28
866,575,48,50,3,2023-08-26 01:44:01,7,2023-02-06 22:54:29
867,26,36,21,4,2023-01-22 16:17:43,5,2022-10-28 13:54:36
868,620,12,35,3,2023-01-23 15:14:25,3,2023-01-30 16:02:22
869,899,11,88,1,2023-08-18 11:22:46,4,2023-05-30 10:19:19
870,218,8,60,5,2022-10-26 05:03:58,3,2022-01-21 03:11:23
871,587,39,38,4,2023-04-29 08:20:56,1,2022-04-10 02:23:11
872,908,35,81,2,2023-07-16 05:10:55,3,2022-02-26 01:24:56
873,877,50,93,3,2023-02-02 02:31:47,9,2023-05-12 08:13:15
874,961,20,16,4,2023-04-27 15:59:57,8,2022-04-09 07:20:33
875,683,31,77,5,2023-08-23 05:24:14,6,2023-06-01 15:55:43
876,118,13,6,2,2023-07-26 11:51:13,6,2022-06-21 05:13:24
877,980,16,52,4,2022-03-15 11:52:15,8,2022-03-04 02:50:35
878,155,9,23,4,2023-07-20 09:23:48,2,2023-01-31 00:16:03
879,730,29,98,6,2023-08-09 09:53:13,8,2022-02-11 16:04:08
880,983,22,45,1,2023-02-05 01:06:59,3,2022-03-10 19:46:37
881,981,23,66,6,2022-12-21 00:59:37,5,2022-08-22 19:49:37
882,51,34,41,3,2022-11-18 10:17:17,2,2022-03-10 13:33:59
883,396,28,65,1,2022-03-11 03:29:43,6,2022-10-10 22:35:53
884,295,33,83,2,2023-03-08 03:19:39,3,2022-02-08 05:03:40
885,78,41,56,4,2023-05-07 05:01:08,8,2022-08-11 19:44:14
886,852,32,95,1,2023-06-08 16:26:28,5,2023-01-29 22:52:38
887,726,30,2,2,2023-02-02 16:02:22,8,2023-08-08 00:55:07
888,458,25,31,2,2022-04-29 02:24:52,5,2023-08-01 06:52:07
889,100,14,49,3,2023-01-03 08:25:00,5,2023-02-28 13:40:25
890,883,21,11,3,2023-05-02 11:31:06,1,2022-01-29 07:35:20
891,456,27,59,4,2023-06-14 19:58:35,8,2023-08-06 01:53:10
892,909,2,42,6,2023-01-02 21:09:20,8,2023-04-02 22:27:18
893,279,40,58,3,2022-01-30 15:35:42,3,2022-07-30 18:37:12
894,553,46,54,5,2023-01-17 03:57:23,4,2022-04-01 00:14:13
895,287,6,36,3,2022-08-23 20:46:03,5,2022-03-08 02:19:47
896,6,42,12,2,2023-05-25 21:57:01,9,2023-04-23 05:42:47
897,887,43,74,1,2022-10-11 19:21:17,9,2022-03-21 23:36:55
898,358,49,55,4,2022-03-30 07:09:15,5,2022-04-17 00:57:21
899,774,1,16,2,2022-12-07 07:03:32,5,2022-05-10 11:54:51
900,85,4,11,1,2022-04-07 18:08:56,9,2022-10-05 05:36:17
901,120,35,17,6,2022-09-30 12:48:54,8,2023-08-01 19:07:38
902,6,22,83,2,2023-04-11 22:24:19,5,2022-09-20 19:31:07
903,338,46,82,4,2022-09-18 22:13:20,9,2023-03-16 08:55:47
904,671,36,37,5,2022-12-13 12:06:03,4,2022-02-04 19:16:58
905,395,13,56,5,2022-05-16 21:32:13,4,2023-03-23 05:01:47
906,393,8,81,6,2022-05-17 15:54:47,8,2022-10-08 06:34:28
907,58,50,18,4,2023-01-29 20:53:50,1,2022-04-03 22:49:10
908,860,25,79,3,2022-03-14 05:33:51,10,2023-02-02 06:01:19
909,550,12,24,4,2023-04-26 08:24:49,6,2023-03-17 03:54:02
910,346,19,84,1,2022-02-15 12:02:38,2,2023-01-22 04:53:29
911,717,16,80,4,2022-11-18 04:06:08,6,2023-01-23 01:11:50
912,60,44,26,4,2022-06-22 16:48:59,7,2023-08-01 00:37:44
913,443,42,22,1,2023-06-12 13:21:48,5,2022-07-11 02:05:18
914,314,2,93,4,2022-08-27 00:23:25,2,2023-02-04 04:38:56
915,859,32,95,4,2023-06-25 00:19:50,2,2023-01-19 18:57:43
916,556,5,87,1,2022-12-19 23:52:51,8,2022-04-24 02:18:34
917,106,48,45,6,2022-04-01 12:27:31,1,2023-06-15 22:02:57
918,338,18,13,2,2022-09-01 17:38:39,6,2022-11-03 20:21:38
919,590,45,48,2,2023-02-15 11:18:27,2,2023-05-06 04:54:26
920,184,17,8,1,2023-01-12 11:53:13,9,2023-01-29 22:26:58
921,545,10,98,5,2022-12-27 03:07:57,5,2023-07-06 20:28:41
922,829,21,85,3,2022-05-24 03:07:38,6,2023-08-26 15:26:37
923,263,6,15,1,2022-08-15 23:48:23,10,2022-09-28 05:08:52
924,185,27,5,5,2022-01-26 07:40:08,1,2023-01-17 22:53:14
925,780,26,25,5,2023-07-07 07:02:33,6,2023-02-16 20:43:32
926,245,20,89,4,2022-05-04 21:27:02,3,2022-07-06 04:00:22
927,415,43,52,3,2022-11-25 10:29:25,2,2022-10-28 17:41:10
928,199,28,59,5,2023-08-25 15:15:31,4,2023-03-12 10:51:20
929,223,15,99,4,2022-03-01 06:34:25,9,2023-07-01 04:28:13
930,866,23,4,2,2023-08-25 20:31:57,6,2022-03-05 09:25:11
931,246,30,44,6,2022-12-12 14:22:17,5,2022-10-03 18:15:58
932,819,40,91,5,2022-12-04 03:58:30,2,2022-03-30 23:38:30
933,714,11,30,1,2022-03-05 18:06:49,7,2023-06-04 09:06:41
934,320,38,51,1,2022-06-23 17:42:25,10,2023-01-02 04:43:18
935,117,24,71,5,2023-06-06 04:12:50,6,2022-09-09 15:39:21
936,8,14,14,4,2022-02-01 21:33:33,2,2022-03-14 21:27:43
937,782,37,19,5,2022-03-17 15:26:01,4,2022-03-23 03:11:21
938,872,7,10,5,2022-09-14 08:41:08,6,2023-08-20 17:05:23
939,376,34,73,3,2022-07-17 20:36:30,5,2022-06-13 21:31:00
940,971,3,61,1,2022-02-01 04:22:52,10,2023-08-26 19:18:39
941,410,49,68,5,2022-12-09 18:03:41,4,2022-05-15 03:55:41
942,344,39,3,2,2022-07-04 01:39:20,5,2023-01-26 05:30:22
943,965,4,65,4,2023-06-22 13:55:45,7,2022-06-29 20:18:55
944,258,33,23,5,2022-07-12 00:41:50,10,2022-11-19 05:02:53
945,204,47,20,3,2022-09-16 15:27:23,3,2022-03-07 09:41:06
946,838,1,42,3,2023-01-29 14:44:09,2,2022-04-01 20:18:42
947,346,31,77,2,2022-12-22 09:58:00,4,2023-04-03 15:32:10
948,397,9,58,2,2022-03-13 22:02:26,4,2023-04-10 02:30:32
949,806,41,75,1,2022-05-08 08:26:15,8,2022-06-13 10:16:03
950,128,29,41,3,2022-01-30 20:28:04,4,2023-02-14 11:01:36
951,984,43,57,4,2022-04-08 16:05:10,4,2022-02-03 02:58:40
952,676,23,50,1,2022-08-05 16:15:01,8,2023-02-04 04:07:24
953,152,50,36,1,2022-09-22 14:28:59,1,2022-03-09 14:00:14
954,130,21,86,5,2022-05-01 17:17:21,8,2023-03-07 15:13:25
955,119,27,39,1,2023-07-12 18:37:25,8,2023-05-21 12:13:53
956,734,19,53,4,2023-06-13 23:53:28,6,2023-03-27 03:50:56
957,299,41,34,1,2023-02-14 10:45:47,4,2023-03-05 21:50:17
958,817,18,43,2,2022-07-13 18:46:16,5,2023-03-23 11:58:15
959,450,14,54,3,2023-08-28 18:26:04,5,2023-05-21 10:56:39
960,458,10,38,4,2022-10-03 13:18:54,8,2022-09-14 21:37:22
961,90,30,96,1,2023-03-20 02:48:41,5,2023-01-28 21:46:20
962,873,7,92,4,2022-06-27 11:30:44,1,2023-08-15 05:32:32
963,975,36,94,5,2023-04-27 23:38:09,7,2023-05-13 05:27:01
964,326,8,88,2,2022-09-28 20:06:43,2,2023-07-28 23:12:27
965,844,45,72,1,2023-01-08 17:57:35,6,2022-05-30 23:18:20
966,698,44,90,3,2023-01-24 15:47:36,7,2023-03-18 06:37:29
967,489,6,1,3,2022-07-04 13:20:23,6,2022-12-12 00:47:11
968,265,26,32,5,2022-07-17 22:23:30,6,2022-09-30 03:16:40
969,463,31,66,1,2023-02-09 12:29:54,9,2022-07-07 21:37:12
970,341,37,49,2,2022-03-28 01:14:35,3,2022-02-16 09:16:44
971,656,28,2,1,2023-03-13 06:08:06,1,2023-08-12 19:35:25
972,101,38,47,1,2022-06-02 09:10:40,6,2022-01-25 12:24:11
973,922,16,76,5,2023-01-07 04:20:38,9,2022-07-21 09:20:20
974,130,13,27,1,2022-09-10 00:24:16,5,2022-03-12 18:43:20
975,641,29,63,1,2022-07-29 14:51:56,7,2022-09-28 13:58:42
976,543,17,97,2,2022-01-28 01:55:04,10,2022-07-12 22:17:57
977,586,46,100,2,2023-09-07 06:17:37,8,2022-05-16 03:33:31
978,397,33,67,2,2022-08-03 04:27:16,6,2023-06-07 01:01:15
979,451,12,64,4,2022-08-05 09:42:26,3,2022-10-03 15:58:58
980,22,48,28,1,2023-06-01 18:09:57,6,2022-06-08 19:44:48
981,445,42,70,1,2023-08-01 03:37:47,7,2023-08-10 13:01:11
982,134,3,60,4,2022-09-05 12:33:50,10,2022-09-09 21:09:10
983,577,47,78,3,2023-04-11 04:48:14,5,2022-04-17 11:55:07
984,654,39,35,6,2023-08-07 22:24:30,6,2022-05-17 08:08:23
985,650,2,9,1,2023-01-12 19:36:47,10,2022-03-17 22:34:44
986,260,9,69,1,2023-06-09 15:36:27,7,2022-08-16 15:13:26
987,879,35,46,2,2022-10-29 01:49:24,10,2022-12-21 03:59:50
988,565,11,29,1,2022-12-10 00:44:52,5,2022-03-14 23:05:40
989,562,32,40,1,2022-11-12 07:09:55,3,2023-01-29 08:26:39
990,51,1,31,6,2022-07-31 13:22:13,1,2023-08-22 11:55:07
991,737,24,7,2,2022-10-25 04:48:51,4,2023-04-22 20:38:34
992,49,40,6,4,2022-06-28 16:13:57,3,2022-10-18 07:25:33
993,997,20,33,2,2022-02-22 10:39:13,7,2023-03-21 21:16:20
994,831,4,21,1,2023-05-08 16:44:58,6,2022-07-20 20:23:59
995,599,49,46,2,2023-04-18 00:29:54,4,2023-02-06 04:34:06
996,236,34,49,4,2022-08-17 21:30:46,5,2023-06-20 02:28:31
997,765,5,62,3,2022-06-03 11:06:32,8,2022-09-28 21:56:16
998,686,15,3,2,2022-01-22 09:51:03,9,2022-04-15 12:19:41
999,333,25,16,2,2023-07-30 19:24:44,9,2023-04-19 11:21:21
1000,111,22,38,1,2022-03-28 11:04:06,7,2022-10-19 17:43:33
