EventID,ClientEventID,InsertDate
1,3097156584,2023-04-05 06:42:28
2,2539714977,2023-03-31 08:48:51
3,3529328244,2023-05-21 08:45:55
4,4185117339,2022-09-30 00:26:04
5,1003499054,2023-03-26 00:23:18
6,1419242287,2023-05-19 06:29:34
7,1987829664,2023-01-18 16:30:27
8,1326937914,2022-07-08 06:40:04
9,3666267196,2022-11-15 05:25:47
10,1578245978,2022-03-04 15:22:03
11,591594507,2023-03-05 07:25:00
12,2170279463,2023-01-30 12:33:46
13,1708281989,2022-07-17 22:58:10
14,1176689408,2022-11-27 02:56:11
15,1549455756,2022-04-14 15:46:43
16,3692384927,2022-12-06 01:28:10
17,1408954661,2022-12-23 06:27:55
18,4276600841,2023-03-09 16:49:48
19,1199313317,2022-10-22 07:59:47
20,4010350371,2023-03-20 03:59:54
21,2525282473,2022-11-10 18:38:01
22,1953561661,2022-02-18 23:35:08
23,3357324725,2022-04-03 09:20:28
24,2822318646,2023-06-01 10:42:23
25,3536887748,2022-02-14 01:52:53
26,3006649867,2022-04-23 21:03:08
27,40190566,2022-12-06 06:14:03
28,3707444907,2023-08-07 21:46:24
29,3225438555,2023-09-02 09:53:49
30,3955981935,2022-04-08 08:02:34
31,1379380608,2022-08-19 04:22:10
32,3285597499,2022-11-20 14:53:44
33,1574757721,2023-05-12 21:39:47
34,4043838820,2023-07-24 18:09:05
35,1245682674,2023-06-17 06:41:30
36,2226077137,2023-06-28 05:08:37
37,4006310996,2023-05-23 02:09:26
38,1903213349,2022-12-31 04:30:58
39,1124815048,2023-05-23 04:20:44
40,2413745434,2022-06-22 05:01:08
41,3691213389,2023-07-17 22:26:08
42,3311948884,2022-12-29 09:54:17
43,1962146240,2022-04-20 19:57:07
44,2172104367,2022-07-28 19:21:03
45,4057276012,2023-01-07 18:08:08
46,2422764841,2022-07-09 23:29:21
47,993543290,2023-03-11 06:24:34
48,1391180498,2023-02-23 14:47:06
49,867257557,2022-11-27 06:04:28
50,2926610743,2022-06-11 08:48:40
51,1048468120,2022-09-29 14:27:16
52,3814592527,2023-04-27 06:37:06
53,2302670416,2022-08-26 13:14:47
54,2053609565,2022-08-09 08:21:43
55,2080650875,2022-04-25 08:54:44
56,634806832,2022-11-22 03:36:05
57,3149467504,2022-10-19 23:48:33
58,4129293895,2023-03-29 04:39:06
59,1886113021,2022-12-13 08:37:24
60,564145228,2022-05-08 09:59:38
61,2104822486,2023-07-14 14:48:15
62,3759132777,2022-12-06 15:37:27
63,117599487,2022-01-28 16:47:49
64,14123647,2022-12-24 08:20:23
65,611410760,2022-11-25 18:31:24
66,2441237454,2023-03-19 15:15:47
67,748105975,2022-02-20 20:20:19
68,1484592335,2023-06-10 05:19:37
69,2540546112,2023-07-16 10:17:26
70,3218481379,2022-12-22 11:15:09
71,1067033886,2022-03-12 19:30:51
72,1858168048,2022-03-07 12:36:12
73,60621582,2023-05-28 19:03:57
74,3276466676,2022-02-10 02:53:33
75,1025059309,2023-02-15 17:46:20
76,4286295477,2023-04-30 21:02:36
77,3098912026,2023-05-31 19:53:22
78,2091981614,2023-05-13 19:07:19
79,1336722125,2023-04-29 14:55:45
80,660966605,2022-02-15 05:54:58
81,2242109383,2022-03-19 12:00:43
82,2489944190,2022-07-16 08:00:05
83,3474665069,2022-11-19 20:10:59
84,1802683516,2023-08-11 23:28:30
85,1514789690,2022-11-30 17:52:05
86,1694731046,2022-12-05 10:11:24
87,729735518,2022-03-31 08:06:14
88,2339798607,2022-04-01 17:39:50
89,2220665201,2022-08-01 16:00:57
90,3167545586,2023-06-25 13:32:41
91,3005672310,2022-10-24 16:31:53
92,979742455,2022-06-04 19:33:11
93,568086590,2022-02-04 07:55:36
94,1367923847,2022-12-03 06:29:54
95,3237235712,2022-04-08 03:58:15
96,248708130,2022-11-27 12:13:58
97,123975061,2022-09-28 03:50:15
98,2922410355,2022-08-09 03:45:36
99,3317618340,2022-10-19 06:01:24
100,421700936,2022-02-15 20:06:32
101,3471242116,2022-04-08 23:58:56
102,2041907230,2023-04-14 03:29:08
103,99639042,2023-05-05 08:50:59
104,2818911261,2023-05-04 12:56:39
105,2558309689,2023-03-05 23:32:54
106,4168217380,2023-09-09 17:39:02
107,974816394,2022-03-05 05:33:22
108,1804729523,2022-01-25 12:02:55
109,2651226340,2022-12-08 03:14:05
110,2683037001,2022-12-16 11:08:45
111,3036445243,2022-07-09 03:22:55
112,2413083450,2023-08-06 14:14:45
113,2792079718,2022-12-22 21:10:46
114,2504084086,2022-10-19 09:17:57
115,807540845,2023-03-25 21:53:57
116,3094316175,2022-08-12 17:58:21
117,453867487,2022-03-18 10:49:01
118,1455962821,2023-04-10 20:50:16
119,4262521030,2022-09-16 02:45:50
120,3602634284,2023-07-18 22:57:31
121,1013585602,2022-10-24 15:27:55
122,1073479327,2022-12-05 01:04:58
123,3569435057,2022-08-15 01:38:25
124,461850646,2023-01-06 16:59:17
125,1473906347,2023-02-23 17:20:14
126,399296230,2022-11-06 15:43:26
127,643922450,2022-02-17 22:33:01
128,1741669175,2023-06-04 10:11:12
129,1599952605,2022-07-08 23:16:35
130,1029712572,2023-01-25 16:17:52
131,1553406701,2023-04-28 11:10:02
132,3016927560,2022-11-14 10:13:47
133,1960270787,2022-09-01 17:03:47
134,1748335465,2023-03-27 04:58:39
135,4138663909,2023-08-21 06:16:52
136,3606291422,2023-03-02 02:39:48
137,3956380650,2023-06-19 09:28:27
138,3032375087,2022-02-14 19:03:32
139,1801297932,2022-06-18 19:16:53
140,1717960097,2022-02-17 05:18:47
141,1576093579,2022-02-08 12:47:28
142,3352346703,2023-01-24 09:06:51
143,1363683200,2022-08-06 17:35:52
144,1482772109,2023-06-28 06:27:28
145,2074572471,2022-09-07 01:45:23
146,1782076347,2022-08-05 13:14:02
147,2464358968,2023-08-10 10:40:47
148,1879731174,2023-06-06 05:33:03
149,3091395337,2022-11-15 01:29:31
150,3146587119,2023-09-07 16:24:05
151,4268737072,2022-12-10 00:35:45
152,3981030162,2022-01-25 13:01:34
153,739738002,2022-05-28 18:32:01
154,1713785178,2022-09-22 04:56:58
155,4239265041,2022-10-24 15:14:42
156,2572230287,2023-02-03 02:14:09
157,3108386955,2023-06-26 08:42:51
158,2091544704,2022-09-19 07:58:26
159,3160165039,2022-12-31 15:10:56
160,455869333,2022-09-07 14:44:47
161,3938389157,2023-06-12 21:58:48
162,874665062,2022-02-09 21:28:27
163,1387209046,2023-01-24 20:44:46
164,2423827330,2023-05-21 12:02:13
165,898892753,2023-08-05 16:11:12
166,1896956925,2022-04-29 05:39:47
167,841374396,2022-11-05 03:26:32
168,4082927514,2022-10-06 13:46:01
169,2309674128,2022-05-27 13:56:29
170,3920184135,2023-03-08 04:16:24
171,2372903925,2022-08-05 17:25:18
172,2404270190,2023-02-18 13:35:46
173,2729780912,2022-11-03 02:17:06
174,844938641,2022-07-05 13:32:19
175,1207543759,2022-07-21 17:18:14
176,2657847432,2023-03-22 05:08:38
177,1883230456,2023-03-06 20:13:36
178,117043213,2023-01-14 06:41:49
179,4175505233,2022-12-20 21:55:41
180,403922597,2022-07-22 20:31:29
181,4139411720,2022-07-16 19:10:55
182,945893273,2023-06-15 11:56:24
183,2527393413,2022-04-27 06:17:57
184,2591988580,2022-10-15 06:14:27
185,4029982772,2022-08-14 17:37:39
186,810658182,2023-01-15 16:05:36
187,2633233426,2022-05-31 09:21:17
188,3623132848,2023-08-17 01:27:33
189,2951216562,2022-08-20 23:28:43
190,4241275267,2023-07-16 11:36:41
191,108890261,2022-01-22 12:46:58
192,246883150,2023-02-14 01:21:50
193,477151123,2023-07-01 06:42:15
194,2581339281,2022-03-20 21:59:24
195,1899643404,2023-06-25 05:45:21
196,1288432472,2022-10-15 05:58:37
197,417874073,2023-06-06 05:23:16
198,4070763603,2022-08-28 14:54:07
199,2151803526,2023-07-20 22:39:37
200,2405477027,2023-05-01 05:09:12
201,2581895372,2022-12-01 14:57:23
202,556851623,2022-07-27 11:37:49
203,477810018,2022-07-17 01:00:08
204,518404376,2022-10-29 09:07:31
205,3782734474,2023-02-28 22:23:24
206,1876296589,2022-09-10 21:54:33
207,2410860242,2022-08-29 18:27:12
208,1123906464,2023-05-03 15:16:48
209,2557394756,2022-10-16 17:43:02
210,3702160692,2022-11-07 19:40:32
211,998551563,2023-01-27 13:40:45
212,966463758,2022-10-30 19:25:12
213,1260018600,2022-12-08 22:51:55
214,1292396298,2023-03-15 23:58:13
215,688569390,2023-05-03 16:56:56
216,3620925417,2022-08-08 19:23:58
217,2205555855,2022-02-06 23:14:12
218,2740066911,2023-02-03 05:03:41
219,1617212445,2023-08-27 08:21:29
220,4189607678,2023-02-22 09:11:19
221,3872263177,2023-01-31 09:10:24
222,2005411795,2022-04-10 20:31:00
223,1703155261,2022-10-29 10:10:49
224,3815333330,2023-02-01 08:03:40
225,3691221640,2023-01-08 08:57:04
226,3189374386,2023-04-19 06:39:29
227,771713437,2022-08-25 23:31:12
228,3856828128,2022-04-10 16:12:24
229,269071222,2022-09-11 16:28:04
230,1248973335,2022-04-19 23:11:08
231,1402262507,2022-07-25 11:45:15
232,344630859,2022-04-06 15:48:42
233,1981821262,2022-06-13 12:42:00
234,3999044184,2022-10-24 14:42:25
235,1922810433,2022-11-20 01:58:14
236,8946361,2023-08-12 18:01:42
237,2897881654,2022-11-19 00:20:16
238,3761926974,2023-08-30 03:13:18
239,2011763821,2022-12-04 22:08:46
240,2867185706,2023-03-09 06:40:36
241,1715522573,2022-07-07 06:16:02
242,2085936422,2022-03-04 19:24:30
243,3322522144,2022-03-05 06:48:38
244,2767126498,2022-11-01 10:07:29
245,1201888761,2022-04-08 02:40:39
246,896209604,2022-03-18 00:54:23
247,1224345498,2022-10-30 19:39:46
248,1894921301,2023-06-22 20:35:27
249,1487628188,2022-06-17 04:12:06
250,3169145280,2022-04-26 12:59:50
251,3351184260,2022-02-03 10:41:58
252,788972776,2022-09-18 17:34:43
253,1427604835,2022-03-28 12:38:47
254,3634870718,2023-01-31 14:30:34
255,3811961713,2022-11-06 10:07:24
256,2217964249,2022-10-29 03:34:05
257,695650255,2023-03-22 21:07:47
258,2303417998,2023-03-08 15:02:31
259,2743740983,2023-05-03 04:53:13
260,3589273480,2022-06-08 18:59:53
261,3085440476,2022-12-06 09:05:54
262,3281651695,2022-05-20 08:46:55
263,3856011812,2022-05-19 17:50:14
264,2247961363,2023-07-15 20:02:12
265,1739749218,2022-02-08 22:39:02
266,54447305,2023-04-27 14:37:50
267,152045065,2023-01-30 02:32:07
268,1314183890,2022-06-06 06:45:39
269,4231904893,2023-05-16 18:54:18
270,2167530236,2023-04-06 12:58:50
271,3880002132,2022-11-05 09:02:06
272,1525289103,2022-12-08 15:57:45
273,238996880,2022-07-08 02:14:51
274,1861839320,2023-07-08 01:01:17
275,1117274899,2022-06-20 15:22:15
276,2963952004,2022-08-03 00:28:50
277,4051031149,2022-09-03 21:59:57
278,4007794761,2023-08-20 21:04:13
279,4238254344,2023-01-22 23:29:15
280,3905740697,2023-05-16 08:27:23
281,3999844477,2022-02-04 11:00:17
282,1304346871,2022-05-27 13:42:09
283,894872798,2022-01-21 01:52:35
284,2595804924,2022-04-12 16:51:14
285,2160527347,2022-07-23 01:49:00
286,2662124883,2022-06-21 03:19:42
287,4035590352,2023-04-17 05:04:08
288,702371564,2023-09-07 22:46:07
289,437903650,2023-01-10 10:45:58
290,595795197,2023-09-01 10:46:03
291,771291185,2022-05-18 22:03:17
292,1581771976,2022-06-27 21:08:17
293,2784925891,2023-07-25 21:06:51
294,1617864812,2023-01-05 04:45:05
295,2084026748,2023-08-19 09:46:00
296,3210365638,2022-05-15 19:39:27
297,1142574185,2022-09-29 15:02:00
298,3616070427,2022-11-14 01:25:30
299,2929108884,2023-05-13 04:59:37
300,859019175,2022-08-14 16:18:35
301,2967925746,2023-04-13 14:04:06
302,4158153385,2023-05-07 15:28:21
303,692206068,2023-01-15 23:25:19
304,1340256504,2023-08-29 23:31:52
305,3745777198,2023-06-22 04:10:22
306,470101993,2023-05-09 15:58:08
307,2555410997,2023-05-16 08:34:51
308,2040821758,2022-06-02 21:46:40
309,2750376993,2023-02-01 09:04:27
310,3579148007,2023-03-07 17:37:31
311,3474230915,2023-07-18 15:07:02
312,286451956,2022-12-12 09:23:36
313,4131094139,2022-06-22 09:32:51
314,1600580246,2023-06-09 17:24:40
315,2356890622,2022-12-26 21:05:16
316,862927795,2022-03-03 05:23:12
317,4281827328,2022-07-06 09:01:37
318,1830480064,2023-03-15 13:27:26
319,1157516044,2022-05-27 21:17:14
320,3487105251,2022-03-30 19:08:26
321,643294994,2023-06-16 04:36:52
322,2841111677,2022-07-11 15:52:34
323,4191416515,2023-08-15 00:40:40
324,2960379341,2022-10-25 20:07:27
325,3835880262,2022-10-22 15:14:38
326,3559430364,2022-02-25 00:23:11
327,2990663499,2022-11-05 14:28:39
328,610357768,2023-02-07 14:28:33
329,479269299,2023-02-23 04:39:28
330,1247650459,2022-02-16 10:23:36
331,1324730530,2022-08-14 20:46:40
332,4191936069,2022-09-22 21:49:45
333,628321372,2022-10-26 00:17:21
334,2316339697,2022-01-26 20:51:45
335,4056014659,2022-02-25 11:03:59
336,346961811,2023-07-23 08:41:10
337,889180493,2023-01-06 21:10:05
338,2230484523,2022-09-17 11:15:09
339,2335975885,2022-03-30 19:47:48
340,3214337848,2022-11-28 13:54:54
341,2112636805,2023-04-06 05:39:17
342,3238604630,2023-04-27 12:51:59
343,2116217198,2023-04-07 15:35:03
344,3692258847,2022-11-27 21:41:42
345,2661859178,2022-11-09 03:27:44
346,1132269398,2023-04-10 11:42:28
347,1884114550,2022-11-09 11:40:19
348,1741898742,2023-01-07 01:13:17
349,50500823,2022-03-29 14:14:20
350,3328995835,2023-07-03 10:14:48
351,2918481627,2022-11-03 06:31:49
352,724236794,2022-04-24 10:57:09
353,665870085,2022-04-20 20:40:28
354,154268702,2022-12-08 10:51:50
355,203714635,2022-09-08 21:31:56
356,2590649573,2022-06-15 06:17:41
357,1031564963,2023-06-16 09:05:47
358,3153747453,2022-10-14 19:04:08
359,1348040621,2022-03-29 19:58:55
360,3119696326,2022-04-21 21:16:03
361,492452938,2023-04-27 22:15:45
362,3249869146,2023-06-10 19:28:23
363,3307805841,2023-05-18 12:30:15
364,1012107123,2022-04-13 09:15:18
365,1684369945,2022-08-20 04:54:10
366,1569008786,2022-07-13 11:09:09
367,336460498,2023-01-30 02:37:17
368,3740296557,2023-04-09 21:48:29
369,349897105,2023-09-10 01:08:01
370,182644715,2022-09-11 04:24:16
371,2848326040,2022-09-01 20:38:13
372,720788478,2022-03-21 02:14:59
373,2795596701,2023-06-01 10:04:05
374,2816323602,2022-10-03 23:53:15
375,4058517517,2022-02-17 18:57:35
376,4097413534,2022-11-21 15:15:09
377,3200994326,2023-03-30 02:42:22
378,3518516586,2022-07-07 19:08:52
379,342832607,2023-07-15 00:55:38
380,2206909202,2023-03-03 20:59:41
381,1458228675,2023-04-12 16:30:53
382,429724875,2022-12-03 20:31:23
383,1640898117,2022-12-02 18:12:47
384,1775459682,2023-02-21 17:50:57
385,845419876,2023-08-03 11:31:29
386,3187634682,2022-10-11 00:17:59
387,1493987450,2023-06-17 09:00:42
388,2696384674,2022-05-27 14:23:19
389,3042021287,2022-08-10 02:06:55
390,3870527482,2022-04-15 18:26:30
391,3122819257,2023-02-17 09:34:17
392,4212664225,2023-02-27 05:22:26
393,1988652222,2022-03-09 20:53:24
394,3849671867,2023-02-21 00:54:33
395,2017119547,2022-07-13 06:41:24
396,1275036267,2023-03-19 11:23:53
397,827254209,2023-04-13 16:47:29
398,3403059645,2023-07-27 18:28:19
399,358455742,2022-06-12 04:59:55
400,3084404710,2023-05-31 19:08:40
401,2965751173,2022-10-22 15:09:05
402,1274858739,2022-10-17 12:22:08
403,2754370292,2023-03-16 10:08:09
404,3273502287,2022-12-12 17:37:18
405,3318658738,2023-05-29 00:37:43
406,8436359,2022-08-24 00:33:38
407,1420797364,2022-06-27 01:27:21
408,2863168923,2022-12-01 23:18:23
409,96924229,2022-10-18 10:16:54
410,3673677991,2023-02-17 00:14:41
411,2255038856,2022-09-08 10:43:53
412,356832109,2022-08-03 17:54:23
413,529955677,2022-08-30 19:44:33
414,3288262651,2023-08-25 17:46:31
415,3973587666,2023-06-20 04:40:18
416,3845876649,2022-10-04 09:37:05
417,2111928881,2022-12-08 13:20:56
418,1097667685,2023-08-15 10:58:09
419,2866098289,2022-09-02 12:00:51
420,2485500149,2023-01-08 13:36:19
421,1496542217,2023-08-08 04:42:05
422,1890873850,2022-10-05 01:15:08
423,2208864204,2023-02-15 12:32:06
424,694457077,2022-02-21 05:53:35
425,1392827728,2022-09-19 23:04:47
426,523487094,2023-07-03 17:24:19
427,1577752675,2022-12-12 03:29:02
428,407011930,2022-10-22 15:18:49
429,433698969,2023-05-21 03:57:30
430,738914142,2023-05-06 18:46:19
431,2151312909,2023-03-18 08:54:02
432,1930394540,2022-11-02 05:29:58
433,1313137556,2022-12-26 08:54:05
434,812957865,2022-03-12 08:40:45
435,3863679591,2022-03-14 11:59:05
436,2382845644,2023-02-05 04:06:17
437,2937918992,2022-03-02 10:22:21
438,3867103269,2022-05-07 20:28:47
439,2346206180,2022-06-03 16:40:46
440,4015449557,2022-04-08 17:19:26
441,2591923795,2023-02-27 16:05:29
442,3710715484,2023-05-16 09:13:42
443,2101224445,2023-07-14 13:37:18
444,3573611595,2023-02-08 13:59:38
445,346033249,2022-02-02 07:34:29
446,298148959,2022-04-14 05:26:46
447,458576457,2023-05-07 18:31:43
448,612264953,2023-09-10 04:40:54
449,1143773212,2022-10-10 04:28:23
450,1319284096,2022-06-16 20:06:08
451,2746723591,2022-11-07 06:42:15
452,1465762868,2022-12-28 08:25:23
453,3178084394,2023-08-11 09:45:55
454,1378122186,2022-12-13 21:56:02
455,1324614922,2022-02-27 06:42:39
456,2005444350,2022-12-09 13:39:07
457,618739047,2022-05-09 10:07:05
458,3760221260,2022-10-16 07:03:40
459,903981130,2023-08-14 02:27:09
460,3516043534,2022-08-27 01:42:31
461,3281689795,2022-03-04 04:49:01
462,4077825757,2022-08-25 09:52:10
463,1108961633,2023-09-09 12:13:33
464,1188807069,2022-02-11 13:14:41
465,3190582353,2022-06-09 12:35:19
466,843642605,2023-02-16 00:39:04
467,1374729286,2023-05-15 23:46:27
468,3969383928,2023-09-08 15:39:19
469,728281038,2022-02-14 00:51:24
470,655609725,2022-07-06 05:45:59
471,3965218423,2023-01-14 04:01:13
472,3663555244,2022-10-07 00:22:16
473,3534636851,2022-01-24 06:36:24
474,1780077165,2022-02-01 18:01:41
475,2625866347,2022-10-24 10:12:12
476,2532344125,2023-02-07 20:13:47
477,255410476,2023-03-20 09:50:54
478,2408724494,2023-07-06 23:08:30
479,2897569927,2022-12-11 08:48:20
480,123705679,2022-11-26 12:03:43
481,34582219,2023-05-31 09:55:49
482,297135980,2022-04-21 07:09:54
483,3390705946,2023-04-13 00:53:24
484,4099947064,2022-03-03 11:42:51
485,1786255628,2023-06-23 00:15:35
486,430564437,2023-01-10 15:31:43
487,2130632773,2023-06-06 18:37:52
488,1832378131,2023-08-07 10:29:05
489,1077434439,2022-09-28 11:21:23
490,697464989,2022-06-18 10:08:35
491,1310193734,2022-02-18 20:13:53
492,3037099219,2022-07-21 19:54:37
493,3577512439,2023-01-17 04:07:11
494,1154377149,2023-07-31 16:40:37
495,3058781687,2022-04-07 02:05:24
496,774784518,2022-10-21 09:57:07
497,866718972,2023-03-13 18:21:50
498,464170959,2022-11-20 13:14:07
499,1508660655,2022-09-24 08:53:18
500,1472286102,2022-09-11 23:43:48
501,98311852,2022-05-04 22:31:37
502,2766302223,2022-09-25 02:30:56
503,2134379262,2023-06-19 00:53:23
504,623097840,2023-02-28 00:30:15
505,2646725664,2023-07-16 15:33:37
506,3817946432,2023-02-16 04:37:28
507,3448723831,2022-06-20 23:52:33
508,2268335559,2022-10-07 03:25:17
509,4214957580,2023-01-06 10:10:16
510,3927345625,2022-12-25 16:20:23
511,108183158,2022-10-17 04:28:23
512,966131630,2022-05-30 06:07:09
513,10815608,2023-08-03 15:08:31
514,1075173138,2022-05-05 19:23:45
515,846855799,2022-06-10 02:02:16
516,1910401876,2022-04-17 21:48:31
517,217788496,2022-06-16 10:36:19
518,325369654,2022-06-04 22:05:09
519,90701966,2022-10-20 03:11:02
520,2321100478,2022-02-08 20:11:47
521,758686052,2022-11-16 05:22:30
522,2878606974,2022-07-31 00:17:39
523,2989735329,2022-10-24 14:22:13
524,1957064290,2022-04-16 13:31:10
525,494530560,2023-01-04 15:23:13
526,3332120179,2023-09-03 18:38:34
527,661198820,2022-09-24 09:08:27
528,1766267300,2022-07-04 06:46:23
529,1831554452,2022-06-27 22:59:14
530,2140554350,2023-04-22 22:24:59
531,146977904,2023-05-05 06:15:30
532,723766167,2022-08-22 11:41:47
533,774036981,2023-06-07 07:51:06
534,751533874,2023-07-15 15:18:26
535,1328323477,2023-03-18 19:25:48
536,2033254950,2022-08-14 08:47:28
537,973516729,2022-02-14 03:46:35
538,3190582706,2023-06-06 21:01:50
539,3578453774,2023-05-03 07:14:10
540,4041279780,2023-07-25 12:13:05
541,188354556,2022-07-01 04:46:35
542,2151674056,2022-08-11 20:20:24
543,2490468493,2022-03-30 00:44:32
544,531420748,2023-06-09 02:07:57
545,193511488,2022-06-12 20:08:07
546,4044501067,2022-05-13 15:25:40
547,606549750,2022-10-12 18:33:01
548,3366400031,2022-12-30 19:28:37
549,812018356,2022-05-24 17:11:42
550,4014177142,2023-06-13 19:57:29
551,2156709209,2023-03-02 02:13:37
552,74765845,2023-01-31 14:56:03
553,3509918182,2023-04-10 02:53:31
554,4147345209,2023-08-29 16:20:59
555,3233983950,2022-12-19 19:15:40
556,1323515387,2023-06-07 08:26:35
557,2256309450,2023-08-17 12:39:19
558,3589177690,2023-04-16 22:22:54
559,415138821,2023-01-22 06:20:02
560,2024913187,2022-11-10 00:52:31
561,3079327225,2022-10-31 03:53:08
562,244977215,2022-02-21 06:49:40
563,1085500569,2022-09-09 05:19:24
564,3151811810,2023-09-01 15:56:15
565,4294858494,2023-03-07 15:31:09
566,152440232,2023-08-04 09:30:57
567,3345804188,2023-04-09 07:12:12
568,2704031905,2023-01-18 00:07:20
569,2423790320,2023-06-13 17:42:16
570,272671546,2022-10-08 16:09:04
571,2319206593,2022-09-28 23:23:16
572,4263128434,2023-04-13 14:15:25
573,1159585588,2022-02-02 10:12:48
574,1381323659,2022-05-06 07:14:35
575,1724148000,2023-08-16 16:38:30
576,882490661,2022-01-29 15:52:14
577,3157088736,2023-08-25 22:52:50
578,1279244243,2022-09-17 00:06:11
579,2157489209,2022-12-11 14:54:53
580,2904679024,2022-03-03 13:50:10
581,3008298658,2022-07-21 13:26:31
582,2755235756,2022-03-19 05:31:50
583,885929383,2023-07-02 10:52:01
584,197704760,2023-02-11 19:25:19
585,3772828896,2022-03-04 09:11:34
586,2912715571,2023-07-30 00:53:13
587,2645232792,2023-02-17 12:30:30
588,877745215,2023-03-03 21:35:46
589,1104976172,2023-02-08 18:55:46
590,1043438046,2022-02-17 22:59:28
591,2721841482,2022-08-25 01:34:02
592,2207278640,2023-07-20 06:36:53
593,4028137146,2023-07-04 18:00:49
594,1470740833,2023-01-09 12:18:27
595,4200050347,2022-11-03 13:42:38
596,3847587560,2023-05-28 18:33:54
597,3886664861,2022-12-28 10:40:02
598,4286975256,2022-12-09 18:07:06
599,1158973191,2023-07-06 08:26:51
600,764249363,2023-07-25 11:49:45
601,2930289270,2022-12-24 05:50:56
602,2204944757,2023-06-11 07:25:45
603,1926370312,2023-02-13 22:51:20
604,3589835227,2022-12-29 13:17:29
605,2142455030,2023-07-09 21:20:50
606,775592201,2023-05-08 13:34:25
607,92606192,2022-10-20 10:37:24
608,3252858771,2022-08-10 19:27:25
609,1699202882,2022-04-23 06:39:00
610,751070412,2022-10-02 01:53:07
611,1935914803,2023-06-14 08:23:08
612,3059837748,2023-04-11 20:48:35
613,1681018565,2022-10-27 02:10:01
614,1233196049,2023-03-31 07:08:28
615,4246500719,2023-07-27 04:02:55
616,23122504,2022-03-19 06:09:23
617,950061880,2022-06-06 15:26:20
618,898955192,2023-04-05 10:00:48
619,2156051893,2023-01-08 15:49:25
620,1313184149,2023-08-24 00:10:41
621,1748206707,2022-02-03 14:23:17
622,4024564122,2022-10-02 04:42:13
623,3421659452,2022-03-25 05:32:53
624,1550994856,2023-03-15 18:05:03
625,1743931012,2022-04-10 17:38:12
626,2275394857,2023-03-18 07:26:04
627,1563565561,2023-08-02 14:33:35
628,3632334528,2022-06-19 02:16:22
629,1744616568,2023-02-25 10:16:01
630,3650664538,2022-03-11 06:57:10
631,974326199,2023-06-03 18:56:32
632,3797221656,2023-08-27 09:30:56
633,3314514586,2023-06-25 15:29:38
634,4153885631,2022-03-10 12:01:26
635,3516461693,2023-07-31 19:28:51
636,4274682356,2023-05-25 11:12:22
637,2229217653,2022-05-03 22:53:47
638,3781514972,2022-10-15 06:52:02
639,991293591,2022-06-24 00:53:13
640,1251240131,2022-03-29 00:03:13
641,3627788254,2023-05-20 08:34:17
642,1019870416,2022-08-05 18:13:17
643,871569687,2023-08-13 21:42:49
644,1079905343,2022-07-06 16:36:44
645,523684267,2022-12-27 18:24:21
646,2697314805,2022-10-27 20:15:41
647,1416514271,2022-10-10 00:28:37
648,3362710307,2023-01-01 04:11:52
649,625657400,2022-10-13 18:20:56
650,2309721098,2022-05-12 09:46:02
651,3359161160,2023-06-28 23:31:40
652,3670731112,2023-02-10 13:47:56
653,3794961620,2022-09-15 10:50:56
654,1398589897,2023-01-25 01:30:58
655,564709350,2022-10-01 01:02:43
656,1977497028,2023-01-09 05:30:38
657,3622019039,2023-06-24 06:44:34
658,1672090025,2022-07-13 19:31:52
659,2268051990,2023-02-12 04:30:50
660,3171167777,2023-07-20 07:55:49
661,547712223,2023-06-04 07:13:29
662,1387417572,2022-06-27 23:50:47
663,1904388026,2022-02-28 13:04:34
664,1241201144,2022-12-18 16:58:25
665,1570542380,2022-12-16 15:26:20
666,3682747068,2023-05-29 22:12:51
667,3689863822,2023-05-31 05:29:37
668,1432818795,2023-05-06 17:30:40
669,3900405962,2022-05-05 20:53:16
670,2844037248,2022-04-04 22:25:47
671,1011162709,2022-02-16 17:46:52
672,1093541211,2023-06-10 22:01:15
673,1469391544,2022-11-22 20:08:09
674,1852016554,2023-05-11 08:07:18
675,2976999346,2022-11-28 21:23:02
676,2431068944,2022-10-02 19:49:34
677,1220250963,2022-03-06 22:19:38
678,1430725898,2023-02-05 14:00:27
679,2999023375,2022-11-20 14:51:20
680,253418838,2022-04-06 14:31:57
681,360526471,2023-04-08 15:56:55
682,1998839269,2022-06-12 16:12:28
683,3241175359,2022-02-01 22:32:41
684,3287365349,2022-04-09 22:15:12
685,618405124,2022-06-04 09:47:52
686,1388482448,2023-07-21 11:48:28
687,1821160749,2022-08-26 11:40:40
688,1919069847,2022-08-19 10:21:23
689,1385684389,2023-09-02 09:14:03
690,41408776,2022-10-29 18:35:42
691,1399443083,2022-12-22 00:54:10
692,763254956,2022-03-25 02:39:24
693,3308882903,2022-12-31 08:02:16
694,1986631859,2022-08-06 18:28:31
695,2741214663,2022-04-13 08:22:23
696,2521268054,2022-11-27 20:12:02
697,168508115,2022-04-08 08:40:34
698,1512406258,2022-04-01 01:59:57
699,3471474110,2022-02-28 23:18:58
700,112577536,2023-04-07 17:18:42
701,4287033215,2022-12-04 00:45:54
702,1477052877,2022-05-09 09:24:39
703,3407065083,2023-06-16 13:28:03
704,931073478,2022-10-27 09:13:45
705,3590440374,2022-09-26 21:08:31
706,2383917509,2022-08-26 15:13:17
707,2014841396,2022-04-18 10:00:51
708,829737659,2022-04-17 04:52:23
709,1489467827,2023-03-03 21:46:19
710,2457262616,2022-06-13 10:42:20
711,395856409,2023-06-01 22:53:46
712,1861429923,2022-01-21 05:38:05
713,4249214266,2022-01-23 18:29:58
714,3127754119,2022-07-17 08:20:48
715,3756808402,2022-07-16 10:14:34
716,3241678520,2023-03-19 11:08:09
717,2117938176,2023-02-11 10:19:03
718,1766322269,2023-09-03 23:56:59
719,1419546645,2022-08-28 05:00:45
720,2447784881,2023-03-22 17:12:47
721,466740172,2022-06-16 16:44:29
722,1572522528,2023-06-27 13:19:58
723,1125114995,2022-04-17 14:47:19
724,563175245,2022-02-15 14:58:46
725,3073718031,2023-08-03 03:21:15
726,798537899,2023-02-23 04:36:49
727,2786268148,2023-08-25 08:53:11
728,1391051094,2023-03-18 11:47:34
729,1144042257,2023-07-14 18:18:41
730,225364087,2022-11-13 14:09:56
731,2859342794,2023-08-12 17:33:27
732,1647541240,2022-11-25 10:47:55
733,4228318036,2022-03-23 17:33:07
734,1643816285,2023-08-09 18:53:22
735,970441982,2023-04-28 09:43:15
736,1675651378,2023-07-04 20:01:19
737,535621952,2022-11-18 18:04:14
738,4133720542,2023-02-28 15:27:46
739,2577994523,2022-05-10 11:32:12
740,2801005023,2023-08-23 23:25:15
741,4173163498,2022-10-01 13:08:10
742,2230290664,2022-05-01 20:07:17
743,1084780970,2022-11-13 13:41:52
744,454138637,2023-02-02 17:11:23
745,2579929179,2023-04-18 05:13:49
746,1566354439,2022-05-12 09:04:16
747,1107929392,2023-05-23 11:42:03
748,4078437334,2022-03-29 09:07:07
749,1468873816,2023-05-17 20:37:58
750,2451938838,2022-12-12 11:45:49
751,875302867,2022-05-31 20:34:26
752,1131726722,2023-02-25 23:05:33
753,1672529017,2023-03-24 15:23:47
754,2377804851,2023-03-06 18:35:17
755,2372489465,2023-08-04 05:17:55
756,4155605567,2023-07-10 06:58:07
757,793339808,2022-07-17 13:10:13
758,2266641602,2023-03-24 12:53:16
759,4090527038,2023-08-01 05:40:41
760,4026274015,2023-02-16 23:16:00
761,3488596072,2022-09-06 21:41:42
762,4238759326,2022-06-02 04:24:24
763,3623974349,2023-03-26 06:19:57
764,2845409946,2023-06-01 14:04:03
765,1072349005,2023-03-10 04:52:57
766,4043374752,2023-02-25 18:14:29
767,967342821,2023-06-30 06:38:28
768,4067749909,2022-02-12 13:29:26
769,73215371,2023-05-07 18:22:36
770,2066096129,2023-01-28 12:38:12
771,3104811220,2022-08-27 21:50:34
772,2078292576,2022-11-30 20:48:17
773,2919880789,2022-11-18 07:43:57
774,532423237,2022-06-18 23:30:17
775,1265623853,2023-03-05 13:07:37
776,3310968024,2022-08-01 12:12:48
777,1953489965,2022-07-09 21:41:53
778,3302165058,2022-03-25 08:32:59
779,1784621190,2022-03-27 17:54:49
780,3215122110,2022-10-12 13:19:22
781,3384116252,2022-12-01 23:25:52
782,3545512812,2022-08-30 22:09:24
783,416836781,2022-03-13 19:12:23
784,2164077863,2023-02-12 05:49:42
785,678453237,2022-03-05 13:37:50
786,447534672,2022-10-16 10:44:30
787,2579298833,2022-04-11 05:41:43
788,1854850561,2022-09-26 19:37:37
789,1692245756,2022-06-25 12:46:36
790,1222051788,2023-02-04 14:43:36
791,2287015025,2022-06-04 19:50:12
792,988315292,2022-03-15 17:13:54
793,474978828,2022-12-26 08:47:39
794,1487800578,2023-07-21 11:14:13
795,459580613,2022-12-19 23:26:24
796,1301596127,2022-12-20 20:36:10
797,3315876557,2023-02-15 06:16:01
798,2430976284,2023-01-31 18:22:33
799,4042818052,2022-05-19 08:43:05
800,1546803061,2023-05-16 02:26:51
801,3067334613,2022-02-11 16:43:11
802,2271366153,2023-03-08 23:38:32
803,3310662267,2022-06-04 02:34:01
804,1920007560,2022-05-18 19:26:00
805,324168920,2023-03-15 16:47:58
806,64612905,2022-01-26 00:59:30
807,849033224,2023-01-13 03:45:01
808,1540382895,2023-07-20 13:01:22
809,2708392295,2023-03-29 20:35:28
810,4224747682,2022-10-07 13:19:09
811,3611612498,2022-03-09 02:48:24
812,605923110,2022-10-01 11:06:05
813,2368756392,2022-06-05 18:01:02
814,2870938337,2022-04-23 13:38:41
815,3328648657,2022-07-15 14:15:43
816,3087239056,2023-02-21 04:07:49
817,3195629132,2022-08-21 18:46:47
818,3860165138,2022-04-30 10:57:53
819,1052342694,2022-02-03 17:53:34
820,4018718865,2023-02-04 18:37:24
821,429526043,2023-01-13 03:27:08
822,1224101448,2023-06-12 18:54:48
823,3213645906,2022-04-06 19:25:21
824,1203039784,2023-01-30 14:42:39
825,688126162,2023-07-10 08:39:52
826,1591587059,2022-05-04 02:15:05
827,161896151,2023-04-30 07:47:07
828,1330032765,2022-03-09 20:12:07
829,249993832,2023-01-21 17:34:02
830,3416581993,2022-12-28 15:57:06
831,1927453497,2023-02-25 02:48:07
832,1371051720,2022-05-16 08:16:58
833,407152230,2022-07-18 12:05:12
834,3683666984,2022-02-12 12:12:40
835,1918596350,2022-04-26 04:54:11
836,1648677376,2023-02-09 15:57:09
837,3439819685,2022-11-23 08:03:34
838,912532499,2022-05-19 19:16:35
839,2813557396,2023-02-01 20:36:57
840,3196755301,2022-12-25 23:11:29
841,3937800226,2023-08-04 01:28:18
842,1064999558,2022-08-02 13:17:06
843,1232584065,2022-04-21 01:34:59
844,3340516702,2022-01-28 04:52:26
845,1178496373,2022-08-10 15:24:17
846,623799448,2023-04-20 23:05:43
847,2629698620,2022-03-25 18:00:29
848,765168104,2022-08-22 02:53:22
849,4090735299,2022-02-02 12:09:01
850,3487807990,2022-02-11 12:37:56
851,3660627508,2022-06-15 09:44:51
852,358157324,2023-01-21 11:17:58
853,685031534,2023-08-05 21:35:17
854,2579053643,2022-11-19 10:16:02
855,3883677181,2023-03-22 19:49:03
856,2527246314,2023-02-19 01:47:26
857,3238441008,2022-07-06 18:05:33
858,2083762340,2022-07-16 09:48:48
859,837829348,2023-01-09 20:49:46
860,3678332512,2022-12-05 01:24:36
861,1985741449,2022-03-31 23:09:00
862,3276962786,2023-07-03 15:05:39
863,2068112044,2022-12-10 13:16:01
864,957623308,2023-02-01 09:16:00
865,1361515694,2023-03-28 14:32:28
866,3045686954,2022-09-20 16:34:31
867,3031613441,2023-01-13 07:22:19
868,2755736634,2022-02-02 19:17:00
869,435730556,2023-09-05 22:13:08
870,3287837008,2023-09-05 14:29:31
871,594334297,2023-05-15 01:45:51
872,1575374807,2023-05-14 23:39:56
873,104835265,2022-10-31 02:50:06
874,1299096199,2022-10-26 16:02:42
875,191483990,2022-10-15 16:43:04
876,2243047434,2023-06-23 03:02:50
877,2325429729,2023-03-20 02:50:54
878,4183255175,2022-09-08 11:14:32
879,243414723,2023-01-08 23:09:18
880,487933789,2022-11-15 04:37:36
881,4230466787,2022-09-22 15:17:49
882,2080639601,2022-11-12 17:26:49
883,3731851263,2022-05-16 01:15:07
884,2149118314,2023-04-21 09:32:51
885,2609823438,2022-08-07 07:50:51
886,2117196789,2022-06-05 07:26:02
887,101803826,2022-10-21 10:47:58
888,2342234159,2022-02-02 12:04:41
889,2644001210,2022-12-26 01:19:45
890,2225624831,2022-09-13 04:22:55
891,3758379467,2022-03-16 11:18:13
892,2852922708,2023-08-30 19:41:21
893,803156591,2022-08-14 17:37:02
894,2076693389,2023-08-18 13:28:49
895,1672718628,2022-06-22 16:21:25
896,1924867990,2022-06-24 15:21:59
897,209383767,2022-07-21 11:55:40
898,3900443473,2022-10-17 02:16:07
899,1588613433,2023-03-04 05:08:30
900,4144646111,2022-05-23 01:11:09
901,2539530840,2022-08-04 15:00:08
902,2228692695,2022-11-14 10:24:06
903,3091903408,2022-11-02 07:10:10
904,3341731472,2022-07-29 09:46:15
905,2030334346,2022-03-04 23:41:37
906,2770228374,2023-04-12 20:30:30
907,3527508419,2023-07-05 20:52:30
908,3503236796,2023-03-10 09:40:16
909,3981559724,2023-05-15 15:23:40
910,563744716,2023-07-31 04:35:49
911,1888255781,2022-06-30 08:21:28
912,1392484890,2022-05-14 05:28:28
913,2485252487,2022-03-26 20:44:09
914,1543785898,2022-09-08 11:18:47
915,1484288434,2022-04-07 19:24:26
916,2258814150,2022-08-09 06:20:02
917,996272816,2023-06-24 19:29:43
918,2242816294,2022-07-19 11:52:10
919,3280685114,2022-08-21 10:00:33
920,596046665,2022-04-12 01:40:38
921,732377215,2023-06-20 18:10:53
922,3702237978,2022-06-09 16:56:40
923,2577305368,2023-07-25 01:52:07
924,1005182048,2022-11-23 12:43:56
925,967109496,2022-07-01 12:49:09
926,1919496764,2022-08-22 01:54:40
927,335696922,2023-06-05 09:48:01
928,4114289389,2023-02-18 07:01:13
929,3860914208,2023-03-20 14:33:11
930,358148526,2023-02-27 23:02:39
931,1842275252,2023-08-05 10:57:18
932,3284876397,2022-01-30 11:06:36
933,1377633210,2022-06-16 00:58:00
934,3493363760,2023-05-19 22:01:25
935,2081345996,2023-07-20 05:21:13
936,173829115,2023-01-13 13:34:15
937,2977934126,2022-05-09 04:59:45
938,354438413,2022-06-07 18:48:10
939,2982924919,2023-07-16 10:58:08
940,3626988802,2023-01-28 05:12:37
941,1408982794,2022-11-20 10:22:36
942,1340936685,2023-01-26 05:34:46
943,2206844193,2022-05-10 07:42:50
944,2163870227,2022-09-20 15:34:19
945,2901250856,2023-06-30 03:00:24
946,3037849626,2023-02-05 07:22:07
947,3983832915,2023-01-24 11:04:48
948,2969757631,2023-05-22 09:20:34
949,3166350314,2022-12-22 05:55:08
950,1019091767,2023-07-07 18:01:02
951,3315346699,2022-06-15 23:29:50
952,1185509203,2022-08-13 19:58:20
953,3536929522,2022-10-09 21:51:17
954,1178384167,2022-09-21 17:11:21
955,1714406714,2022-03-01 01:50:22
956,3847287870,2022-02-14 23:03:40
957,3445923685,2023-07-05 06:04:23
958,4124474342,2022-08-24 18:00:04
959,3991023372,2023-02-09 04:47:51
960,2931043281,2023-03-10 04:53:41
961,1041962935,2023-02-13 02:07:55
962,3132516692,2022-06-22 13:42:00
963,2349695334,2023-07-30 15:00:43
964,854944832,2022-04-01 03:56:08
965,1600324018,2022-12-04 21:06:22
966,1000660666,2022-07-06 19:29:48
967,126549346,2022-08-12 03:58:42
968,53486269,2022-05-26 18:34:18
969,61223201,2023-02-14 11:21:54
970,349115641,2022-05-31 10:46:03
971,1695563942,2022-11-26 15:44:42
972,2261554058,2023-07-05 07:05:12
973,1686871461,2023-05-17 14:40:20
974,1392783683,2022-12-25 23:15:56
975,2120040590,2022-08-04 21:05:08
976,3602161941,2022-09-24 01:20:43
977,1658725081,2023-05-02 04:09:58
978,355098664,2022-12-23 21:06:14
979,1123228976,2022-12-16 12:19:36
980,405774852,2023-07-02 14:40:53
981,526406050,2022-04-26 19:41:56
982,2886267753,2022-10-23 22:16:18
983,698612765,2022-12-02 21:15:32
984,2270695178,2023-02-11 22:09:37
985,2391585760,2022-04-09 09:26:16
986,918512964,2022-10-15 11:04:35
987,1225358206,2022-03-05 11:46:43
988,837711033,2022-10-31 09:15:41
989,1680810274,2022-10-16 19:26:49
990,321773599,2022-04-01 16:17:49
991,697599690,2022-07-03 09:00:00
992,3587392046,2022-02-24 10:54:53
993,1995176135,2022-11-06 18:33:45
994,4094091064,2023-06-28 07:50:48
995,1705041243,2022-12-15 01:40:02
996,1083106421,2023-04-26 09:45:32
997,390018286,2022-01-27 04:31:35
998,33910321,2022-09-09 10:10:35
999,3633195478,2022-03-09 10:13:20
1000,3616912694,2022-11-25 22:32:02
